Workbook

Sheet Summary
B3: Project | F3: Carillon | S3: Date: | U3: 42998
B4: Location | F4: Lawrenceville, GA | S4: By: | U4: WHM
B5: Description | F5: Millhaven GL | S5: House Faces: | V5: Worst | X5: South
B9: BUILDING DATA | J9: DESIGN CONDITIONS | T9: ENERGY CALCULATIONS
B10: Typical Ceiling Height | G10: 8.5 | H10: ft | L10: Summer | N10: Winter
B11: Floor Area | G11: ='Unit 1 a'!G4+'Unit 1 b'!G4 -> 2512 | H11: ft2 | J11: Outdoor | L11: 95 | M11: °Fdb | N11: 18 | O11: °Fdb
B12: Volume | G12: ='Unit 1 a'!I4+'Unit 1 b'!I4 -> 21928 | H12: ft3 | J12: Indoor | L12: 75 | M12: °Fdb | N12: 72 | O12: °Fdb
B13: Building Tightness | G13: Tight | H13: 0.25 | J13: Delta T | L13: 20 | M13: °Fdb | N13: 54 | O13: °Fdb
J14: Range | L14: 17.3 | M14: °Fdb
B17: Construction Descriptions
B18: Walls / Partitions | D18: # | F18: U-Value | G18: Description / Notes
D19: W1 | F19: 0.077 | G19: Above Grade | L19: 2x4 | P19: R-13 batt
D20: W2 | F20: 0.067 | G20: Basement | L20: Concrete + 2x4 | P20: R-13 batt
D21: W3 | F21: 0.053 | G21: Attic | L21: 2x6 | P21: R19 batt
B22: Doors | D22: # | F22: U-Value | G22: Description / Notes
D23: D1 | F23: 0.5 | G23: Exterior Door | P23: R-2
D24: D2 | F24: 0.5 | G24: Garage Door | P24: R-2
B25: Roofs | D25: # | F25: U-Value | G25: Description / Notes
D26: R1 | F26: 0.026 | G26: Flat Ceiling | L26: Truss | P26: R-38 Blown
D27: R2 | F27: 0.26 | G27: Vaulted | L27: Truss | P27: R-38 Blown
B28: Floors | D28: # | F28: U-Value | G28: Description / Notes
D29: F1 | F29: 0.053 | G29: Framed | L29: I-Joist | P29: R-19 batt
D30: F2 | F30: 0.1 | G30: Slab | P30: None
B31: Glass | D31: # | F31: Glass Type | K31: Windows | N31: U-Value | P31: Internal Shading | V31: Notes
D32: G1 | F32: Double Insulated | K32: All Types | N32: 0.35 | P32: Blinds/ Draperies | V32: SHGC | X32: 0.22
D33: G2
D34: G3
B37: Load Summary
I39: Unit 1 | L39: Unit 2 | Q39: Unit 3
I40: Cooling | J40: Heating | L40: Cooling | N40: Heating | Q40: Cooling | U40: Heating
B41: Sensible Load | H41: btu/hr | I41: ='Unit 1 a'!J54+'Unit 1 b'!J54 -> 24842.335 | J41: ='Unit 1 a'!J77+'Unit 1 b'!J77 -> 30169.222 | L41: ='Unit 2 a'!J54+'Unit 2 b'!J54 -> 0 | N41: ='Unit 2 a'!J77+'Unit 2 b'!J77 -> 0
B42: Minimum Nominal Capacity | H42: tons | I42: ='Unit 1 a'!J55+'Unit 1 b'!J55 -> 2.7602595 | J42: ='Unit 1 a'!J78+'Unit 1 b'!J78 -> 8.8395025 | K42: kW | L42: ='Unit 2 a'!J55+'Unit 2 b'!J55 -> 0 | N42: ='Unit 2 a'!J78+'Unit 2 b'!J78 -> 0 | O42: kW
B43: Load Density | H43: sf/ton | I43: =I44/I42 -> 910.05937 | J43: =J42*1000/G11 -> 3.5189102 | K43: W/sf
B44: Floor Area Served | H44: sf | I44: =G11 -> 2512
B45: System Size | H45: tons | I45: ='Unit 1 a'!E56+'Unit 1 b'!E56 -> 3.5 | J45: ='Unit 1 a'!E79+'Unit 1 b'!E79 -> 10 | K45: kW
B46: Leaving Air Temperature | H46: °f | I46: 57.2 | J46: 96.3
B47: Installed Capacity | H47: sf/ton | I47: =I44/I45 -> 717.71429 | J47: =J45*1000/I44 -> 3.9808917 | K47: w/sf

Sheet Rooms Walls and Glass
A1: Room Name | D1: Entry | E1: Family | F1: PS WIC | G1: PS Bath | H1: PS Bed | I1: Breakfast / Kitchen | J1: Powder | K1: Stairs | L1: Loft | M1: Master Bed | N1: Master Bath | O1: Master WIC | P1: Bed 3 WIC | Q1: Bed 3 | R1: Bath2 | S1: Bed 4 | T1: Hallway | U1: Laundry
A2: Front Faces: | B2: NorthEast | D2: Unit 1 b | E2: Unit 1 b | F2: Unit 1 b | G2: Unit 1 b | H2: Unit 1 b | I2: Unit 1 b | J2: Unit 1 b | K2: Unit 1 a | L2: Unit 1 a | M2: Unit 1 a | N2: Unit 1 a | O2: Unit 1 a | P2: Unit 1 a | Q2: Unit 1 a | R2: Unit 1 a | S2: Unit 1 a | T2: Unit 1 a | U2: Unit 1 a
A3: People | E3: 1 | H3: 1 | L3: 1 | M3: 1 | Q3: 1 | S3: 1
A4: Appliances | E4: 250 | I4: 680 | L4: 250 | U4: 200
A5: Glass & Doors | D5: Glass & Doors
A7: Direction | B7: Facing | C7: Type | D7: =D1 -> Entry | E7: =E1 -> Family | F7: =F1 -> PS WIC | G7: =G1 -> PS Bath | H7: =H1 -> PS Bed | I7: =I1 -> Breakfast / Kitchen | J7: =J1 -> Powder | K7: =K1 -> Stairs | ... AB7: =AB1 -> 0
A8: =IF(A15="North","Northeast",IF(A15="NorthEast","East",IF(A15="East","SouthEast",IF(A15="SouthEast","South",IF(A15="South","SouthWest",IF(A15="SouthWest","West",IF(A15="West","NorthWest","North"))))))) -> NorthWest | B8: Right | C8: G1 | E8: 36 | L8: 30
A9: =IF(A8="North","Northeast",IF(A8="NorthEast","East",IF(A8="East","SouthEast",IF(A8="SouthEast","South",IF(A8="South","SouthWest",IF(A8="SouthWest","West",IF(A8="West","NorthWest","North"))))))) -> North | C9: G1
A10: =$B$2 -> NorthEast | B10: Front | C10: G1 | K10: 8 | M10: 38
A11: =IF(A10="North","Northeast",IF(A10="NorthEast","East",IF(A10="East","SouthEast",IF(A10="SouthEast","South",IF(A10="South","SouthWest",IF(A10="SouthWest","West",IF(A10="West","NorthWest","North"))))))) -> East | C11: G1
A12: =IF(A11="North","Northeast",IF(A11="NorthEast","East",IF(A11="East","SouthEast",IF(A11="SouthEast","South",IF(A11="South","SouthWest",IF(A11="SouthWest","West",IF(A11="West","NorthWest","North"))))))) -> SouthEast | B12: Left | C12: G1 | G12: 3 | N12: 16
A13: =IF(A12="North","Northeast",IF(A12="NorthEast","East",IF(A12="East","SouthEast",IF(A12="SouthEast","South",IF(A12="South","SouthWest",IF(A12="SouthWest","West",IF(A12="West","NorthWest","North"))))))) -> South | C13: G1
A14: =IF(A13="North","Northeast",IF(A13="NorthEast","East",IF(A13="East","SouthEast",IF(A13="SouthEast","South",IF(A13="South","SouthWest",IF(A13="SouthWest","West",IF(A13="West","NorthWest","North"))))))) -> SouthWest | B14: Back | C14: G1 | H14: 36 | I14: 45 | Q14: 15 | S14: 15
A15: =IF(A14="North","Northeast",IF(A14="NorthEast","East",IF(A14="East","SouthEast",IF(A14="SouthEast","South",IF(A14="South","SouthWest",IF(A14="SouthWest","West",IF(A14="West","NorthWest","North"))))))) -> West | C15: G1
A16: Sky Light | C16: G1
A17: Shaded | C17: G1 | D17: 6
A18: Door 1 | C18: D1 | D18: 16.7 | I18: 8
A19: Door 2 | C19: D2 | D19: 17.8
A20: Above Grade Walls | D20: Above Grade Walls
A22: Direction | B22: Facing | C22: Type | D22: =D1 -> Entry | E22: =E1 -> Family | F22: =F1 -> PS WIC | G22: =G1 -> PS Bath | H22: =H1 -> PS Bed | I22: =I1 -> Breakfast / Kitchen | J22: =J1 -> Powder | K22: =K1 -> Stairs | ... AB22: =AB1 -> 0
A23: =IF(A30="North","Northeast",IF(A30="NorthEast","East",IF(A30="East","SouthEast",IF(A30="SouthEast","South",IF(A30="South","SouthWest",IF(A30="SouthWest","West",IF(A30="West","NorthWest","North"))))))) -> NorthWest | B23: Right | C23: W1 | D23: 99 | E23: 94 | I23: 138 | J23: 48 | K23: 130 | L23: 85 | S23: 122
A24: =IF(A23="North","Northeast",IF(A23="NorthEast","East",IF(A23="East","SouthEast",IF(A23="SouthEast","South",IF(A23="South","SouthWest",IF(A23="SouthWest","West",IF(A23="West","NorthWest","North"))))))) -> North | C24: W1
A25: =$B$2 -> NorthEast | B25: Front | C25: W1 | D25: 84 | K25: 72 | M25: 122
A26: =IF(A25="North","Northeast",IF(A25="NorthEast","East",IF(A25="East","SouthEast",IF(A25="SouthEast","South",IF(A25="South","SouthWest",IF(A25="SouthWest","West",IF(A25="West","NorthWest","North"))))))) -> East | C26: W1
A27: =IF(A26="North","Northeast",IF(A26="NorthEast","East",IF(A26="East","SouthEast",IF(A26="SouthEast","South",IF(A26="South","SouthWest",IF(A26="SouthWest","West",IF(A26="West","NorthWest","North"))))))) -> SouthEast | B27: Left | C27: W1 | F27: 50 | G27: 78 | H27: 138 | M27: 138 | N27: 60 | O27: 62 | P27: 29 | Q27: 94
A28: =IF(A27="North","Northeast",IF(A27="NorthEast","East",IF(A27="East","SouthEast",IF(A27="SouthEast","South",IF(A27="South","SouthWest",IF(A27="SouthWest","West",IF(A27="West","NorthWest","North"))))))) -> South | C28: W1
A29: =IF(A28="North","Northeast",IF(A28="NorthEast","East",IF(A28="East","SouthEast",IF(A28="SouthEast","South",IF(A28="South","SouthWest",IF(A28="SouthWest","West",IF(A28="West","NorthWest","North"))))))) -> SouthWest | B29: Back | C29: W1 | H29: 99 | I29: 90 | Q29: 94 | R29: 42 | S29: 73
A30: =IF(A29="North","Northeast",IF(A29="NorthEast","East",IF(A29="East","SouthEast",IF(A29="SouthEast","South",IF(A29="South","SouthWest",IF(A29="SouthWest","West",IF(A29="West","NorthWest","North"))))))) -> West | C30: W1
A31: Exterior Perimeter | D31: =IF((SUM(D23:D30)+SUM(D18:D19))=0,"-",(SUM(D23:D30)+SUM(D18:D19))/Summary!$G$10) -> 25.588235 | E31: =IF((SUM(E23:E30)+SUM(E18:E19))=0,"-",(SUM(E23:E30)+SUM(E18:E19))/Summary!$G$10) -> 11.058824 | F31: =IF((SUM(F23:F30)+SUM(F18:F19))=0,"-",(SUM(F23:F30)+SUM(F18:F19))/Summary!$G$10) -> 5.8823529 | G31: =IF((SUM(G23:G30)+SUM(G18:G19))=0,"-",(SUM(G23:G30)+SUM(G18:G19))/Summary!$G$10) -> 9.1764706 | H31: =IF((SUM(H23:H30)+SUM(H18:H19))=0,"-",(SUM(H23:H30)+SUM(H18:H19))/Summary!$G$10) -> 27.882353 | I31: =IF((SUM(I23:I30)+SUM(I18:I19))=0,"-",(SUM(I23:I30)+SUM(I18:I19))/Summary!$G$10) -> 27.764706 | J31: =IF((SUM(J23:J30)+SUM(J18:J19))=0,"-",(SUM(J23:J30)+SUM(J18:J19))/Summary!$G$10) -> 5.6470588 | K31: =IF((SUM(K23:K30)+SUM(K18:K19))=0,"-",(SUM(K23:K30)+SUM(K18:K19))/Summary!$G$10) -> 23.764706 | ... AB31: =IF((SUM(AB23:AB30)+SUM(AB18:AB19))=0,"-",(SUM(AB23:AB30)+SUM(AB18:AB19))/Summary!$G$10) -> -
A32: Basement Walls
A34: Direction | B34: Facing | C34: Type | D34: =D1 -> Entry | E34: =E1 -> Family | F34: =F1 -> PS WIC | G34: =G1 -> PS Bath | H34: =H1 -> PS Bed | I34: =I1 -> Breakfast / Kitchen | J34: =J1 -> Powder | K34: =K1 -> Stairs | ... AB34: =AB1 -> 0
A35: =IF(A42="North","Northeast",IF(A42="NorthEast","East",IF(A42="East","SouthEast",IF(A42="SouthEast","South",IF(A42="South","SouthWest",IF(A42="SouthWest","West",IF(A42="West","NorthWest","North"))))))) -> NorthWest | B35: Right | C35: W1
A36: =IF(A35="North","Northeast",IF(A35="NorthEast","East",IF(A35="East","SouthEast",IF(A35="SouthEast","South",IF(A35="South","SouthWest",IF(A35="SouthWest","West",IF(A35="West","NorthWest","North"))))))) -> North | C36: W1
A37: =$B$2 -> NorthEast | B37: Front | C37: W1
A38: =IF(A37="North","Northeast",IF(A37="NorthEast","East",IF(A37="East","SouthEast",IF(A37="SouthEast","South",IF(A37="South","SouthWest",IF(A37="SouthWest","West",IF(A37="West","NorthWest","North"))))))) -> East | C38: W1
A39: =IF(A38="North","Northeast",IF(A38="NorthEast","East",IF(A38="East","SouthEast",IF(A38="SouthEast","South",IF(A38="South","SouthWest",IF(A38="SouthWest","West",IF(A38="West","NorthWest","North"))))))) -> SouthEast | B39: Left | C39: W1
A40: =IF(A39="North","Northeast",IF(A39="NorthEast","East",IF(A39="East","SouthEast",IF(A39="SouthEast","South",IF(A39="South","SouthWest",IF(A39="SouthWest","West",IF(A39="West","NorthWest","North"))))))) -> South | C40: W1
A41: =IF(A40="North","Northeast",IF(A40="NorthEast","East",IF(A40="East","SouthEast",IF(A40="SouthEast","South",IF(A40="South","SouthWest",IF(A40="SouthWest","West",IF(A40="West","NorthWest","North"))))))) -> SouthWest | B41: Back | C41: W1
A42: =IF(A41="North","Northeast",IF(A41="NorthEast","East",IF(A41="East","SouthEast",IF(A41="SouthEast","South",IF(A41="South","SouthWest",IF(A41="SouthWest","West",IF(A41="West","NorthWest","North"))))))) -> West | C42: W1
A43: Exterior Perimeter | D43: =IF((SUM(D35:D42)+SUM(D18:D19))=0,"-",(SUM(D35:D42)+SUM(D18:D19))/Summary!$G$10) -> 4.0588235 | E43: =IF((SUM(E35:E42)+SUM(E18:E19))=0,"-",(SUM(E35:E42)+SUM(E18:E19))/Summary!$G$10) -> - | F43: =IF((SUM(F35:F42)+SUM(F18:F19))=0,"-",(SUM(F35:F42)+SUM(F18:F19))/Summary!$G$10) -> - | G43: =IF((SUM(G35:G42)+SUM(G18:G19))=0,"-",(SUM(G35:G42)+SUM(G18:G19))/Summary!$G$10) -> - | H43: =IF((SUM(H35:H42)+SUM(H18:H19))=0,"-",(SUM(H35:H42)+SUM(H18:H19))/Summary!$G$10) -> - | I43: =IF((SUM(I35:I42)+SUM(I18:I19))=0,"-",(SUM(I35:I42)+SUM(I18:I19))/Summary!$G$10) -> 0.94117647 | J43: =IF((SUM(J35:J42)+SUM(J18:J19))=0,"-",(SUM(J35:J42)+SUM(J18:J19))/Summary!$G$10) -> - | K43: =IF((SUM(K35:K42)+SUM(K18:K19))=0,"-",(SUM(K35:K42)+SUM(K18:K19))/Summary!$G$10) -> - | ... AB43: =IF((SUM(AB35:AB42)+SUM(AB18:AB19))=0,"-",(SUM(AB35:AB42)+SUM(AB18:AB19))/Summary!$G$10) -> -
A44: Other Walls | AC44: O
A46: Grade | C46: W2
A47: Partition | C47: W1
A48: Garage | C48: W1 | D48: 130 | E48: 81 | F48: 95
A49: Attic | C49: W3
A50: Kneewall | C50: W3
A51: Roofs & Floors | AC51: O
A53: Ceiling | C53: R1 | K53: 163 | L53: 236 | M53: 371 | N53: 120 | O53: 89 | P53: 34 | Q53: 160 | R53: 62 | S53: 158 | T53: 49 | U53: 32 | BG53: .
A54: Vaulted | C54: R2
A55: Crawl/Uncon. | C55: F1
A56: Garage | C56: F1 | M56: 371 | N56: 28
A57: Slab | C57: F2 | D57: 115 | E57: 276 | F57: 59 | G57: 97 | H57: 230 | I57: 230 | J57: 31

Sheet Unit 1 a
B1: Project | E1: =Summary!F3 -> Carillon | M1: Date: | N1: 42998 | T1: Typical Ceiling Height | W1: =Summary!G10 -> 8.5
B2: Location | E2: =Summary!F4 -> Lawrenceville, GA | M2: By:
B3: Description | E3: =Summary!F5 -> Millhaven GL | M3: Level(s): | N3: First Floor | Q3: Unit 1 a | T3: Kneewall Height | W3: 1
E4: Square Feet | G4: =SUM(I42:I43) -> 1474 | H4: Volume | I4: =I50 -> 13105 | J4: Sf/Ton | K4: =G4/E56 -> 842.28571 | M4: SEER | N4: 14
I6: Ceiling Height | K6: =$W$1 -> 8.5 | M6: =$W$1 -> 8.5 | O6: =$W$1 -> 8.5 | Q6: =$W$1 -> 8.5 | S6: =$W$1 -> 8.5 | U6: =$W$1 -> 8.5 | W6: 12 | Y6: =$W$1 -> 8.5 | AA6: =$W$1 -> 8.5 | AC6: =$W$1 -> 8.5 | AE6: 9 | AG6: =$W$1 -> 8.5 | AI6: =$W$1 -> 8.5 | AK6: 8 | AM6: 8 | AO6: 8
B7: Components | E7: CLTD (°F) | F7: U-Value (Btu/hr-sf-°F) | G7: Cooling Load Factor | I7: Entire House | K7: {=IFERROR(INDEX('Rooms Walls and Glass'!$D$7:$AB$7,MATCH(0,IF('Unit 1 a'!$Q$3='Rooms Walls and Glass'!$D$2:$AB$2,COUNTIF($E$1:$E1,'Rooms Walls and Glass'!E7:AB$7),""),0)),"")} -> Stairs | M7: {=IFERROR(INDEX('Rooms Walls and Glass'!$D$7:$AB$7,MATCH(0,IF('Unit 1 a'!$Q$3='Rooms Walls and Glass'!$D$2:$AB$2,COUNTIF(K7,'Rooms Walls and Glass'!D$7:$AB$7),""),0)),"")} -> Loft | O7: {=IFERROR(INDEX('Rooms Walls and Glass'!$D$7:$AB$7,MATCH(0,IF('Unit 1 a'!$Q$3='Rooms Walls and Glass'!$D$2:$AB$2,COUNTIF(K7:M7,'Rooms Walls and Glass'!D$7:$AB$7),""),0)),"")} -> Master Bed | Q7: {=IFERROR(INDEX('Rooms Walls and Glass'!$D$7:$AB$7,MATCH(0,IF('Unit 1 a'!$Q$3='Rooms Walls and Glass'!$D$2:$AB$2,COUNTIF($K$7:O$7,'Rooms Walls and Glass'!D$7:$AB$7),""),0)),"")} -> Master Bath | S7: {=IFERROR(INDEX('Rooms Walls and Glass'!$D$7:$AB$7,MATCH(0,IF('Unit 1 a'!$Q$3='Rooms Walls and Glass'!$D$2:$AB$2,COUNTIF($K$7:R$7,'Rooms Walls and Glass'!$D$7:$AB$7),""),0)),"")} -> Master WIC | U7: {=IFERROR(INDEX('Rooms Walls and Glass'!$D$7:$AB$7,MATCH(0,IF('Unit 1 a'!$Q$3='Rooms Walls and Glass'!$D$2:$AB$2,COUNTIF($K$7:T$7,'Rooms Walls and Glass'!$D$7:$AB$7),""),0)),"")} -> Bed 3 WIC | W7: {=IFERROR(INDEX('Rooms Walls and Glass'!$D$7:$AB$7,MATCH(0,IF('Unit 1 a'!$Q$3='Rooms Walls and Glass'!$D$2:$AB$2,COUNTIF($K$7:V$7,'Rooms Walls and Glass'!$D$7:$AB$7),""),0)),"")} -> Bed 3 | Y7: {=IFERROR(INDEX('Rooms Walls and Glass'!$D$7:$AB$7,MATCH(0,IF('Unit 1 a'!$Q$3='Rooms Walls and Glass'!$D$2:$AB$2,COUNTIF($K$7:X$7,'Rooms Walls and Glass'!$D$7:$AB$7),""),0)),"")} -> Bath2 | AA7: {=IFERROR(INDEX('Rooms Walls and Glass'!$D$7:$AB$7,MATCH(0,IF('Unit 1 a'!$Q$3='Rooms Walls and Glass'!$D$2:$AB$2,COUNTIF($K$7:Z$7,'Rooms Walls and Glass'!$D$7:$AB$7),""),0)),"")} -> Bed 4 | AC7: {=IFERROR(INDEX('Rooms Walls and Glass'!$D$7:$AB$7,MATCH(0,IF('Unit 1 a'!$Q$3='Rooms Walls and Glass'!$D$2:$AB$2,COUNTIF($K$7:AB$7,'Rooms Walls and Glass'!$D$7:$AB$7),""),0)),"")} -> Hallway | AE7: {=IFERROR(INDEX('Rooms Walls and Glass'!$D$7:$AB$7,MATCH(0,IF('Unit 1 a'!$Q$3='Rooms Walls and Glass'!$D$2:$AB$2,COUNTIF($K$7:AD$7,'Rooms Walls and Glass'!$D$7:$AB$7),""),0)),"")} -> Laundry | AG7: {=IFERROR(INDEX('Rooms Walls and Glass'!$D$7:$AB$7,MATCH(0,IF('Unit 1 a'!$Q$3='Rooms Walls and Glass'!$D$2:$AB$2,COUNTIF($K$7:AF$7,'Rooms Walls and Glass'!$D$7:$AB$7),""),0)),"")} | AI7: {=IFERROR(INDEX('Rooms Walls and Glass'!$D$7:$AB$7,MATCH(0,IF('Unit 1 a'!$Q$3='Rooms Walls and Glass'!$D$2:$AB$2,COUNTIF($K$7:AH$7,'Rooms Walls and Glass'!$D$7:$AB$7),""),0)),"")} | AK7: {=IFERROR(INDEX('Rooms Walls and Glass'!$D$7:$AB$7,MATCH(0,IF('Unit 1 a'!$Q$3='Rooms Walls and Glass'!$D$2:$AB$2,COUNTIF($K$7:AJ$7,'Rooms Walls and Glass'!$D$7:$AB$7),""),0)),"")} | AM7: {=IFERROR(INDEX('Rooms Walls and Glass'!$D$7:$AB$7,MATCH(0,IF('Unit 1 a'!$Q$3='Rooms Walls and Glass'!$D$2:$AB$2,COUNTIF($K$7:AK$7,'Rooms Walls and Glass'!$D$7:$AB$7),""),0)),"")} | AO7: {=IFERROR(INDEX('Rooms Walls and Glass'!$D$7:$AB$7,MATCH(0,IF('Unit 1 a'!$Q$3='Rooms Walls and Glass'!$D$2:$AB$2,COUNTIF($K$7:AN$7,'Rooms Walls and Glass'!$D$7:$AB$7),""),0)),"")}
C8: Type | D8: Description | I8: Qty | J8: Btu/hr | K8: Qty | L8: Btu/hr | M8: Qty | N8: Btu/hr | O8: Qty | P8: Btu/hr | Q8: Qty | R8: Btu/hr | S8: Qty | T8: Btu/hr | U8: Qty | V8: Btu/hr | W8: Qty | X8: Btu/hr | Y8: Qty | Z8: Btu/hr | AA8: Qty | AB8: Btu/hr | AC8: Qty | AD8: Btu/hr | AE8: Qty | AF8: Btu/hr | AG8: Qty | AH8: Btu/hr | AI8: Qty | AJ8: Btu/hr | AK8: Qty | AL8: Btu/hr | AM8: Qty | AN8: Btu/hr | AO8: Qty | AP8: Btu/hr
B9: Glass | C9: G1 | D9: ='Rooms Walls and Glass'!A8 -> NorthWest | E9: Right | F9: (E) | G9: =INDEX('Glass CLF Calculation'!$A$4:$G$11,MATCH('Unit 1 a'!D9,'Glass CLF Calculation'!$A$4:$A$11,0),7) -> 18.306649 | H9: Btu/hr-sf | I9: =SUM(K9,M9,O9,Q9,U9,W9,Y9,AA9,AC9,AE9,AG9,AI9,S9,AK9,AM9,AO9) -> 30 | J9: =IF(I9="","-",I9*$G9) -> 549.19947 | K9: =IF(K$7="","",IF(INDEX('Rooms Walls and Glass'!$D$3:$AB$17, MATCH($D9,'Rooms Walls and Glass'!$A$3:$A$17,0), MATCH('Unit 1 a'!K$7,'Rooms Walls and Glass'!$D$1:$AB$1,0))=0,"",INDEX('Rooms Walls and Glass'!$D$3:$AB$17, MATCH($D9,'Rooms Walls and Glass'!$A$3:$A$17,0), MATCH('Unit 1 a'!K$7,'Rooms Walls and Glass'!$D$1:$AB$1,0)))) | L9: =IF(K9="","-",K9*$G9) -> - | M9: =IF(M$7="","",IF(INDEX('Rooms Walls and Glass'!$D$3:$AB$17, MATCH($D9,'Rooms Walls and Glass'!$A$3:$A$17,0), MATCH('Unit 1 a'!M$7,'Rooms Walls and Glass'!$D$1:$AB$1,0))=0,"",INDEX('Rooms Walls and Glass'!$D$3:$AB$17, MATCH($D9,'Rooms Walls and Glass'!$A$3:$A$17,0), MATCH('Unit 1 a'!M$7,'Rooms Walls and Glass'!$D$1:$AB$1,0)))) -> 30 | N9: =IF(M9="","-",M9*$G9) -> 549.19947 | O9: =IF(O$7="","",IF(INDEX('Rooms Walls and Glass'!$D$3:$AB$17, MATCH($D9,'Rooms Walls and Glass'!$A$3:$A$17,0), MATCH('Unit 1 a'!O$7,'Rooms Walls and Glass'!$D$1:$AB$1,0))=0,"",INDEX('Rooms Walls and Glass'!$D$3:$AB$17, MATCH($D9,'Rooms Walls and Glass'!$A$3:$A$17,0), MATCH('Unit 1 a'!O$7,'Rooms Walls and Glass'!$D$1:$AB$1,0)))) | P9: =IF(O9="","-",O9*$G9) -> - | Q9: =IF(Q$7="","",IF(INDEX('Rooms Walls and Glass'!$D$3:$AB$17, MATCH($D9,'Rooms Walls and Glass'!$A$3:$A$17,0), MATCH('Unit 1 a'!Q$7,'Rooms Walls and Glass'!$D$1:$AB$1,0))=0,"",INDEX('Rooms Walls and Glass'!$D$3:$AB$17, MATCH($D9,'Rooms Walls and Glass'!$A$3:$A$17,0), MATCH('Unit 1 a'!Q$7,'Rooms Walls and Glass'!$D$1:$AB$1,0)))) | R9: =IF(Q9="","-",Q9*$G9) -> - | S9: =IF(S$7="","",IF(INDEX('Rooms Walls and Glass'!$D$3:$AB$17, MATCH($D9,'Rooms Walls and Glass'!$A$3:$A$17,0), MATCH('Unit 1 a'!S$7,'Rooms Walls and Glass'!$D$1:$AB$1,0))=0,"",INDEX('Rooms Walls and Glass'!$D$3:$AB$17, MATCH($D9,'Rooms Walls and Glass'!$A$3:$A$17,0), MATCH('Unit 1 a'!S$7,'Rooms Walls and Glass'!$D$1:$AB$1,0)))) | T9: =IF(S9="","-",S9*$G9) -> - | U9: =IF(U$7="","",IF(INDEX('Rooms Walls and Glass'!$D$3:$AB$17, MATCH($D9,'Rooms Walls and Glass'!$A$3:$A$17,0), MATCH('Unit 1 a'!U$7,'Rooms Walls and Glass'!$D$1:$AB$1,0))=0,"",INDEX('Rooms Walls and Glass'!$D$3:$AB$17, MATCH($D9,'Rooms Walls and Glass'!$A$3:$A$17,0), MATCH('Unit 1 a'!U$7,'Rooms Walls and Glass'!$D$1:$AB$1,0)))) | V9: =IF(U9="","-",U9*$G9) -> - | W9: =IF(W$7="","",IF(INDEX('Rooms Walls and Glass'!$D$3:$AB$17, MATCH($D9,'Rooms Walls and Glass'!$A$3:$A$17,0), MATCH('Unit 1 a'!W$7,'Rooms Walls and Glass'!$D$1:$AB$1,0))=0,"",INDEX('Rooms Walls and Glass'!$D$3:$AB$17, MATCH($D9,'Rooms Walls and Glass'!$A$3:$A$17,0), MATCH('Unit 1 a'!W$7,'Rooms Walls and Glass'!$D$1:$AB$1,0)))) | X9: =IF(W9="","-",W9*$G9) -> - | Y9: =IF(Y$7="","",IF(INDEX('Rooms Walls and Glass'!$D$3:$AB$17, MATCH($D9,'Rooms Walls and Glass'!$A$3:$A$17,0), MATCH('Unit 1 a'!Y$7,'Rooms Walls and Glass'!$D$1:$AB$1,0))=0,"",INDEX('Rooms Walls and Glass'!$D$3:$AB$17, MATCH($D9,'Rooms Walls and Glass'!$A$3:$A$17,0), MATCH('Unit 1 a'!Y$7,'Rooms Walls and Glass'!$D$1:$AB$1,0)))) | Z9: =IF(Y9="","-",Y9*$G9) -> - | AA9: =IF(AA$7="","",IF(INDEX('Rooms Walls and Glass'!$D$3:$AB$17, MATCH($D9,'Rooms Walls and Glass'!$A$3:$A$17,0), MATCH('Unit 1 a'!AA$7,'Rooms Walls and Glass'!$D$1:$AB$1,0))=0,"",INDEX('Rooms Walls and Glass'!$D$3:$AB$17, MATCH($D9,'Rooms Walls and Glass'!$A$3:$A$17,0), MATCH('Unit 1 a'!AA$7,'Rooms Walls and Glass'!$D$1:$AB$1,0)))) | AB9: =IF(AA9="","-",AA9*$G9) -> - | AC9: =IF(AC$7="","",IF(INDEX('Rooms Walls and Glass'!$D$3:$AB$17, MATCH($D9,'Rooms Walls and Glass'!$A$3:$A$17,0), MATCH('Unit 1 a'!AC$7,'Rooms Walls and Glass'!$D$1:$AB$1,0))=0,"",INDEX('Rooms Walls and Glass'!$D$3:$AB$17, MATCH($D9,'Rooms Walls and Glass'!$A$3:$A$17,0), MATCH('Unit 1 a'!AC$7,'Rooms Walls and Glass'!$D$1:$AB$1,0)))) | AD9: =IF(AC9="","-",AC9*$G9) -> - | AE9: =IF(AE$7="","",IF(INDEX('Rooms Walls and Glass'!$D$3:$AB$17, MATCH($D9,'Rooms Walls and Glass'!$A$3:$A$17,0), MATCH('Unit 1 a'!AE$7,'Rooms Walls and Glass'!$D$1:$AB$1,0))=0,"",INDEX('Rooms Walls and Glass'!$D$3:$AB$17, MATCH($D9,'Rooms Walls and Glass'!$A$3:$A$17,0), MATCH('Unit 1 a'!AE$7,'Rooms Walls and Glass'!$D$1:$AB$1,0)))) | AF9: =IF(AE9="","-",AE9*$G9) -> - | AG9: =IF(AG$7="","",IF(INDEX('Rooms Walls and Glass'!$D$3:$AB$17, MATCH($D9,'Rooms Walls and Glass'!$A$3:$A$17,0), MATCH('Unit 1 a'!AG$7,'Rooms Walls and Glass'!$D$1:$AB$1,0))=0,"",INDEX('Rooms Walls and Glass'!$D$3:$AB$17, MATCH($D9,'Rooms Walls and Glass'!$A$3:$A$17,0), MATCH('Unit 1 a'!AG$7,'Rooms Walls and Glass'!$D$1:$AB$1,0)))) | AH9: =IF(AG9="","-",AG9*$G9) -> - | AI9: =IF(AI$7="","",IF(INDEX('Rooms Walls and Glass'!$D$3:$AB$17, MATCH($D9,'Rooms Walls and Glass'!$A$3:$A$17,0), MATCH('Unit 1 a'!AI$7,'Rooms Walls and Glass'!$D$1:$AB$1,0))=0,"",INDEX('Rooms Walls and Glass'!$D$3:$AB$17, MATCH($D9,'Rooms Walls and Glass'!$A$3:$A$17,0), MATCH('Unit 1 a'!AI$7,'Rooms Walls and Glass'!$D$1:$AB$1,0)))) | AJ9: =IF(AI9="","-",AI9*$G9) -> - | AK9: =IF(AK$7="","",IF(INDEX('Rooms Walls and Glass'!$D$3:$AB$17, MATCH($D9,'Rooms Walls and Glass'!$A$3:$A$17,0), MATCH('Unit 1 a'!AK$7,'Rooms Walls and Glass'!$D$1:$AB$1,0))=0,"",INDEX('Rooms Walls and Glass'!$D$3:$AB$17, MATCH($D9,'Rooms Walls and Glass'!$A$3:$A$17,0), MATCH('Unit 1 a'!AK$7,'Rooms Walls and Glass'!$D$1:$AB$1,0)))) | AL9: =IF(AK9="","-",AK9*$G9) -> - | AM9: =IF(AM$7="","",IF(INDEX('Rooms Walls and Glass'!$D$3:$AB$17, MATCH($D9,'Rooms Walls and Glass'!$A$3:$A$17,0), MATCH('Unit 1 a'!AM$7,'Rooms Walls and Glass'!$D$1:$AB$1,0))=0,"",INDEX('Rooms Walls and Glass'!$D$3:$AB$17, MATCH($D9,'Rooms Walls and Glass'!$A$3:$A$17,0), MATCH('Unit 1 a'!AM$7,'Rooms Walls and Glass'!$D$1:$AB$1,0)))) | AN9: =IF(AM9="","-",AM9*$G9) -> - | AO9: =IF(AO$7="","",IF(INDEX('Rooms Walls and Glass'!$D$3:$AB$17, MATCH($D9,'Rooms Walls and Glass'!$A$3:$A$17,0), MATCH('Unit 1 a'!AO$7,'Rooms Walls and Glass'!$D$1:$AB$1,0))=0,"",INDEX('Rooms Walls and Glass'!$D$3:$AB$17, MATCH($D9,'Rooms Walls and Glass'!$A$3:$A$17,0), MATCH('Unit 1 a'!AO$7,'Rooms Walls and Glass'!$D$1:$AB$1,0)))) | AP9: =IF(AO9="","-",AO9*$G9) -> -
C10: G1 | D10: ='Rooms Walls and Glass'!A9 -> North | F10: (SE) | G10: =INDEX('Glass CLF Calculation'!$A$4:$G$11,MATCH('Unit 1 a'!D10,'Glass CLF Calculation'!$A$4:$A$11,0),7) -> 6.2012662 | H10: Btu/hr-sf | I10: =SUM(K10,M10,O10,Q10,U10,W10,Y10,AA10,AC10,AE10,AG10,AI10,S10,AK10,AM10,AO10) -> 0 | J10: =IF(I10="","-",I10*$G10) -> 0 | K10: =IF(K$7="","",IF(INDEX('Rooms Walls and Glass'!$D$3:$AB$17, MATCH($D10,'Rooms Walls and Glass'!$A$3:$A$17,0), MATCH('Unit 1 a'!K$7,'Rooms Walls and Glass'!$D$1:$AB$1,0))=0,"",INDEX('Rooms Walls and Glass'!$D$3:$AB$17, MATCH($D10,'Rooms Walls and Glass'!$A$3:$A$17,0), MATCH('Unit 1 a'!K$7,'Rooms Walls and Glass'!$D$1:$AB$1,0)))) | L10: =IF(K10="","-",K10*$G10) -> - | M10: =IF(M$7="","",IF(INDEX('Rooms Walls and Glass'!$D$3:$AB$17, MATCH($D10,'Rooms Walls and Glass'!$A$3:$A$17,0), MATCH('Unit 1 a'!M$7,'Rooms Walls and Glass'!$D$1:$AB$1,0))=0,"",INDEX('Rooms Walls and Glass'!$D$3:$AB$17, MATCH($D10,'Rooms Walls and Glass'!$A$3:$A$17,0), MATCH('Unit 1 a'!M$7,'Rooms Walls and Glass'!$D$1:$AB$1,0)))) | N10: =IF(M10="","-",M10*$G10) -> - | O10: =IF(O$7="","",IF(INDEX('Rooms Walls and Glass'!$D$3:$AB$17, MATCH($D10,'Rooms Walls and Glass'!$A$3:$A$17,0), MATCH('Unit 1 a'!O$7,'Rooms Walls and Glass'!$D$1:$AB$1,0))=0,"",INDEX('Rooms Walls and Glass'!$D$3:$AB$17, MATCH($D10,'Rooms Walls and Glass'!$A$3:$A$17,0), MATCH('Unit 1 a'!O$7,'Rooms Walls and Glass'!$D$1:$AB$1,0)))) | P10: =IF(O10="","-",O10*$G10) -> - | Q10: =IF(Q$7="","",IF(INDEX('Rooms Walls and Glass'!$D$3:$AB$17, MATCH($D10,'Rooms Walls and Glass'!$A$3:$A$17,0), MATCH('Unit 1 a'!Q$7,'Rooms Walls and Glass'!$D$1:$AB$1,0))=0,"",INDEX('Rooms Walls and Glass'!$D$3:$AB$17, MATCH($D10,'Rooms Walls and Glass'!$A$3:$A$17,0), MATCH('Unit 1 a'!Q$7,'Rooms Walls and Glass'!$D$1:$AB$1,0)))) | R10: =IF(Q10="","-",Q10*$G10) -> - | S10: =IF(S$7="","",IF(INDEX('Rooms Walls and Glass'!$D$3:$AB$17, MATCH($D10,'Rooms Walls and Glass'!$A$3:$A$17,0), MATCH('Unit 1 a'!S$7,'Rooms Walls and Glass'!$D$1:$AB$1,0))=0,"",INDEX('Rooms Walls and Glass'!$D$3:$AB$17, MATCH($D10,'Rooms Walls and Glass'!$A$3:$A$17,0), MATCH('Unit 1 a'!S$7,'Rooms Walls and Glass'!$D$1:$AB$1,0)))) | T10: =IF(S10="","-",S10*$G10) -> - | U10: =IF(U$7="","",IF(INDEX('Rooms Walls and Glass'!$D$3:$AB$17, MATCH($D10,'Rooms Walls and Glass'!$A$3:$A$17,0), MATCH('Unit 1 a'!U$7,'Rooms Walls and Glass'!$D$1:$AB$1,0))=0,"",INDEX('Rooms Walls and Glass'!$D$3:$AB$17, MATCH($D10,'Rooms Walls and Glass'!$A$3:$A$17,0), MATCH('Unit 1 a'!U$7,'Rooms Walls and Glass'!$D$1:$AB$1,0)))) | V10: =IF(U10="","-",U10*$G10) -> - | W10: =IF(W$7="","",IF(INDEX('Rooms Walls and Glass'!$D$3:$AB$17, MATCH($D10,'Rooms Walls and Glass'!$A$3:$A$17,0), MATCH('Unit 1 a'!W$7,'Rooms Walls and Glass'!$D$1:$AB$1,0))=0,"",INDEX('Rooms Walls and Glass'!$D$3:$AB$17, MATCH($D10,'Rooms Walls and Glass'!$A$3:$A$17,0), MATCH('Unit 1 a'!W$7,'Rooms Walls and Glass'!$D$1:$AB$1,0)))) | X10: =IF(W10="","-",W10*$G10) -> - | Y10: =IF(Y$7="","",IF(INDEX('Rooms Walls and Glass'!$D$3:$AB$17, MATCH($D10,'Rooms Walls and Glass'!$A$3:$A$17,0), MATCH('Unit 1 a'!Y$7,'Rooms Walls and Glass'!$D$1:$AB$1,0))=0,"",INDEX('Rooms Walls and Glass'!$D$3:$AB$17, MATCH($D10,'Rooms Walls and Glass'!$A$3:$A$17,0), MATCH('Unit 1 a'!Y$7,'Rooms Walls and Glass'!$D$1:$AB$1,0)))) | Z10: =IF(Y10="","-",Y10*$G10) -> - | AA10: =IF(AA$7="","",IF(INDEX('Rooms Walls and Glass'!$D$3:$AB$17, MATCH($D10,'Rooms Walls and Glass'!$A$3:$A$17,0), MATCH('Unit 1 a'!AA$7,'Rooms Walls and Glass'!$D$1:$AB$1,0))=0,"",INDEX('Rooms Walls and Glass'!$D$3:$AB$17, MATCH($D10,'Rooms Walls and Glass'!$A$3:$A$17,0), MATCH('Unit 1 a'!AA$7,'Rooms Walls and Glass'!$D$1:$AB$1,0)))) | AB10: =IF(AA10="","-",AA10*$G10) -> - | AC10: =IF(AC$7="","",IF(INDEX('Rooms Walls and Glass'!$D$3:$AB$17, MATCH($D10,'Rooms Walls and Glass'!$A$3:$A$17,0), MATCH('Unit 1 a'!AC$7,'Rooms Walls and Glass'!$D$1:$AB$1,0))=0,"",INDEX('Rooms Walls and Glass'!$D$3:$AB$17, MATCH($D10,'Rooms Walls and Glass'!$A$3:$A$17,0), MATCH('Unit 1 a'!AC$7,'Rooms Walls and Glass'!$D$1:$AB$1,0)))) | AD10: =IF(AC10="","-",AC10*$G10) -> - | AE10: =IF(AE$7="","",IF(INDEX('Rooms Walls and Glass'!$D$3:$AB$17, MATCH($D10,'Rooms Walls and Glass'!$A$3:$A$17,0), MATCH('Unit 1 a'!AE$7,'Rooms Walls and Glass'!$D$1:$AB$1,0))=0,"",INDEX('Rooms Walls and Glass'!$D$3:$AB$17, MATCH($D10,'Rooms Walls and Glass'!$A$3:$A$17,0), MATCH('Unit 1 a'!AE$7,'Rooms Walls and Glass'!$D$1:$AB$1,0)))) | AF10: =IF(AE10="","-",AE10*$G10) -> - | AG10: =IF(AG$7="","",IF(INDEX('Rooms Walls and Glass'!$D$3:$AB$17, MATCH($D10,'Rooms Walls and Glass'!$A$3:$A$17,0), MATCH('Unit 1 a'!AG$7,'Rooms Walls and Glass'!$D$1:$AB$1,0))=0,"",INDEX('Rooms Walls and Glass'!$D$3:$AB$17, MATCH($D10,'Rooms Walls and Glass'!$A$3:$A$17,0), MATCH('Unit 1 a'!AG$7,'Rooms Walls and Glass'!$D$1:$AB$1,0)))) | AH10: =IF(AG10="","-",AG10*$G10) -> - | AI10: =IF(AI$7="","",IF(INDEX('Rooms Walls and Glass'!$D$3:$AB$17, MATCH($D10,'Rooms Walls and Glass'!$A$3:$A$17,0), MATCH('Unit 1 a'!AI$7,'Rooms Walls and Glass'!$D$1:$AB$1,0))=0,"",INDEX('Rooms Walls and Glass'!$D$3:$AB$17, MATCH($D10,'Rooms Walls and Glass'!$A$3:$A$17,0), MATCH('Unit 1 a'!AI$7,'Rooms Walls and Glass'!$D$1:$AB$1,0)))) | AJ10: =IF(AI10="","-",AI10*$G10) -> - | AK10: =IF(AK$7="","",IF(INDEX('Rooms Walls and Glass'!$D$3:$AB$17, MATCH($D10,'Rooms Walls and Glass'!$A$3:$A$17,0), MATCH('Unit 1 a'!AK$7,'Rooms Walls and Glass'!$D$1:$AB$1,0))=0,"",INDEX('Rooms Walls and Glass'!$D$3:$AB$17, MATCH($D10,'Rooms Walls and Glass'!$A$3:$A$17,0), MATCH('Unit 1 a'!AK$7,'Rooms Walls and Glass'!$D$1:$AB$1,0)))) | AL10: =IF(AK10="","-",AK10*$G10) -> - | AM10: =IF(AM$7="","",IF(INDEX('Rooms Walls and Glass'!$D$3:$AB$17, MATCH($D10,'Rooms Walls and Glass'!$A$3:$A$17,0), MATCH('Unit 1 a'!AM$7,'Rooms Walls and Glass'!$D$1:$AB$1,0))=0,"",INDEX('Rooms Walls and Glass'!$D$3:$AB$17, MATCH($D10,'Rooms Walls and Glass'!$A$3:$A$17,0), MATCH('Unit 1 a'!AM$7,'Rooms Walls and Glass'!$D$1:$AB$1,0)))) | AN10: =IF(AM10="","-",AM10*$G10) -> - | AO10: =IF(AO$7="","",IF(INDEX('Rooms Walls and Glass'!$D$3:$AB$17, MATCH($D10,'Rooms Walls and Glass'!$A$3:$A$17,0), MATCH('Unit 1 a'!AO$7,'Rooms Walls and Glass'!$D$1:$AB$1,0))=0,"",INDEX('Rooms Walls and Glass'!$D$3:$AB$17, MATCH($D10,'Rooms Walls and Glass'!$A$3:$A$17,0), MATCH('Unit 1 a'!AO$7,'Rooms Walls and Glass'!$D$1:$AB$1,0)))) | AP10: =IF(AO10="","-",AO10*$G10) -> -
C11: G1 | D11: ='Rooms Walls and Glass'!A10 -> NorthEast | E11: Front | F11: (S) | G11: =INDEX('Glass CLF Calculation'!$A$4:$G$11,MATCH('Unit 1 a'!D11,'Glass CLF Calculation'!$A$4:$A$11,0),7) -> 7.8267093 | H11: Btu/hr-sf | I11: =SUM(K11,M11,O11,Q11,U11,W11,Y11,AA11,AC11,AE11,AG11,AI11,S11,AK11,AM11,AO11) -> 46 | J11: =IF(I11="","-",I11*$G11) -> 360.02863 | K11: =IF(K$7="","",IF(INDEX('Rooms Walls and Glass'!$D$3:$AB$17, MATCH($D11,'Rooms Walls and Glass'!$A$3:$A$17,0), MATCH('Unit 1 a'!K$7,'Rooms Walls and Glass'!$D$1:$AB$1,0))=0,"",INDEX('Rooms Walls and Glass'!$D$3:$AB$17, MATCH($D11,'Rooms Walls and Glass'!$A$3:$A$17,0), MATCH('Unit 1 a'!K$7,'Rooms Walls and Glass'!$D$1:$AB$1,0)))) -> 8 | L11: =IF(K11="","-",K11*$G11) -> 62.613675 | M11: =IF(M$7="","",IF(INDEX('Rooms Walls and Glass'!$D$3:$AB$17, MATCH($D11,'Rooms Walls and Glass'!$A$3:$A$17,0), MATCH('Unit 1 a'!M$7,'Rooms Walls and Glass'!$D$1:$AB$1,0))=0,"",INDEX('Rooms Walls and Glass'!$D$3:$AB$17, MATCH($D11,'Rooms Walls and Glass'!$A$3:$A$17,0), MATCH('Unit 1 a'!M$7,'Rooms Walls and Glass'!$D$1:$AB$1,0)))) | N11: =IF(M11="","-",M11*$G11) -> - | O11: =IF(O$7="","",IF(INDEX('Rooms Walls and Glass'!$D$3:$AB$17, MATCH($D11,'Rooms Walls and Glass'!$A$3:$A$17,0), MATCH('Unit 1 a'!O$7,'Rooms Walls and Glass'!$D$1:$AB$1,0))=0,"",INDEX('Rooms Walls and Glass'!$D$3:$AB$17, MATCH($D11,'Rooms Walls and Glass'!$A$3:$A$17,0), MATCH('Unit 1 a'!O$7,'Rooms Walls and Glass'!$D$1:$AB$1,0)))) -> 38 | P11: =IF(O11="","-",O11*$G11) -> 297.41495 | Q11: =IF(Q$7="","",IF(INDEX('Rooms Walls and Glass'!$D$3:$AB$17, MATCH($D11,'Rooms Walls and Glass'!$A$3:$A$17,0), MATCH('Unit 1 a'!Q$7,'Rooms Walls and Glass'!$D$1:$AB$1,0))=0,"",INDEX('Rooms Walls and Glass'!$D$3:$AB$17, MATCH($D11,'Rooms Walls and Glass'!$A$3:$A$17,0), MATCH('Unit 1 a'!Q$7,'Rooms Walls and Glass'!$D$1:$AB$1,0)))) | R11: =IF(Q11="","-",Q11*$G11) -> - | S11: =IF(S$7="","",IF(INDEX('Rooms Walls and Glass'!$D$3:$AB$17, MATCH($D11,'Rooms Walls and Glass'!$A$3:$A$17,0), MATCH('Unit 1 a'!S$7,'Rooms Walls and Glass'!$D$1:$AB$1,0))=0,"",INDEX('Rooms Walls and Glass'!$D$3:$AB$17, MATCH($D11,'Rooms Walls and Glass'!$A$3:$A$17,0), MATCH('Unit 1 a'!S$7,'Rooms Walls and Glass'!$D$1:$AB$1,0)))) | T11: =IF(S11="","-",S11*$G11) -> - | U11: =IF(U$7="","",IF(INDEX('Rooms Walls and Glass'!$D$3:$AB$17, MATCH($D11,'Rooms Walls and Glass'!$A$3:$A$17,0), MATCH('Unit 1 a'!U$7,'Rooms Walls and Glass'!$D$1:$AB$1,0))=0,"",INDEX('Rooms Walls and Glass'!$D$3:$AB$17, MATCH($D11,'Rooms Walls and Glass'!$A$3:$A$17,0), MATCH('Unit 1 a'!U$7,'Rooms Walls and Glass'!$D$1:$AB$1,0)))) | V11: =IF(U11="","-",U11*$G11) -> - | W11: =IF(W$7="","",IF(INDEX('Rooms Walls and Glass'!$D$3:$AB$17, MATCH($D11,'Rooms Walls and Glass'!$A$3:$A$17,0), MATCH('Unit 1 a'!W$7,'Rooms Walls and Glass'!$D$1:$AB$1,0))=0,"",INDEX('Rooms Walls and Glass'!$D$3:$AB$17, MATCH($D11,'Rooms Walls and Glass'!$A$3:$A$17,0), MATCH('Unit 1 a'!W$7,'Rooms Walls and Glass'!$D$1:$AB$1,0)))) | X11: =IF(W11="","-",W11*$G11) -> - | Y11: =IF(Y$7="","",IF(INDEX('Rooms Walls and Glass'!$D$3:$AB$17, MATCH($D11,'Rooms Walls and Glass'!$A$3:$A$17,0), MATCH('Unit 1 a'!Y$7,'Rooms Walls and Glass'!$D$1:$AB$1,0))=0,"",INDEX('Rooms Walls and Glass'!$D$3:$AB$17, MATCH($D11,'Rooms Walls and Glass'!$A$3:$A$17,0), MATCH('Unit 1 a'!Y$7,'Rooms Walls and Glass'!$D$1:$AB$1,0)))) | Z11: =IF(Y11="","-",Y11*$G11) -> - | AA11: =IF(AA$7="","",IF(INDEX('Rooms Walls and Glass'!$D$3:$AB$17, MATCH($D11,'Rooms Walls and Glass'!$A$3:$A$17,0), MATCH('Unit 1 a'!AA$7,'Rooms Walls and Glass'!$D$1:$AB$1,0))=0,"",INDEX('Rooms Walls and Glass'!$D$3:$AB$17, MATCH($D11,'Rooms Walls and Glass'!$A$3:$A$17,0), MATCH('Unit 1 a'!AA$7,'Rooms Walls and Glass'!$D$1:$AB$1,0)))) | AB11: =IF(AA11="","-",AA11*$G11) -> - | AC11: =IF(AC$7="","",IF(INDEX('Rooms Walls and Glass'!$D$3:$AB$17, MATCH($D11,'Rooms Walls and Glass'!$A$3:$A$17,0), MATCH('Unit 1 a'!AC$7,'Rooms Walls and Glass'!$D$1:$AB$1,0))=0,"",INDEX('Rooms Walls and Glass'!$D$3:$AB$17, MATCH($D11,'Rooms Walls and Glass'!$A$3:$A$17,0), MATCH('Unit 1 a'!AC$7,'Rooms Walls and Glass'!$D$1:$AB$1,0)))) | AD11: =IF(AC11="","-",AC11*$G11) -> - | AE11: =IF(AE$7="","",IF(INDEX('Rooms Walls and Glass'!$D$3:$AB$17, MATCH($D11,'Rooms Walls and Glass'!$A$3:$A$17,0), MATCH('Unit 1 a'!AE$7,'Rooms Walls and Glass'!$D$1:$AB$1,0))=0,"",INDEX('Rooms Walls and Glass'!$D$3:$AB$17, MATCH($D11,'Rooms Walls and Glass'!$A$3:$A$17,0), MATCH('Unit 1 a'!AE$7,'Rooms Walls and Glass'!$D$1:$AB$1,0)))) | AF11: =IF(AE11="","-",AE11*$G11) -> - | AG11: =IF(AG$7="","",IF(INDEX('Rooms Walls and Glass'!$D$3:$AB$17, MATCH($D11,'Rooms Walls and Glass'!$A$3:$A$17,0), MATCH('Unit 1 a'!AG$7,'Rooms Walls and Glass'!$D$1:$AB$1,0))=0,"",INDEX('Rooms Walls and Glass'!$D$3:$AB$17, MATCH($D11,'Rooms Walls and Glass'!$A$3:$A$17,0), MATCH('Unit 1 a'!AG$7,'Rooms Walls and Glass'!$D$1:$AB$1,0)))) | AH11: =IF(AG11="","-",AG11*$G11) -> - | AI11: =IF(AI$7="","",IF(INDEX('Rooms Walls and Glass'!$D$3:$AB$17, MATCH($D11,'Rooms Walls and Glass'!$A$3:$A$17,0), MATCH('Unit 1 a'!AI$7,'Rooms Walls and Glass'!$D$1:$AB$1,0))=0,"",INDEX('Rooms Walls and Glass'!$D$3:$AB$17, MATCH($D11,'Rooms Walls and Glass'!$A$3:$A$17,0), MATCH('Unit 1 a'!AI$7,'Rooms Walls and Glass'!$D$1:$AB$1,0)))) | AJ11: =IF(AI11="","-",AI11*$G11) -> - | AK11: =IF(AK$7="","",IF(INDEX('Rooms Walls and Glass'!$D$3:$AB$17, MATCH($D11,'Rooms Walls and Glass'!$A$3:$A$17,0), MATCH('Unit 1 a'!AK$7,'Rooms Walls and Glass'!$D$1:$AB$1,0))=0,"",INDEX('Rooms Walls and Glass'!$D$3:$AB$17, MATCH($D11,'Rooms Walls and Glass'!$A$3:$A$17,0), MATCH('Unit 1 a'!AK$7,'Rooms Walls and Glass'!$D$1:$AB$1,0)))) | AL11: =IF(AK11="","-",AK11*$G11) -> - | AM11: =IF(AM$7="","",IF(INDEX('Rooms Walls and Glass'!$D$3:$AB$17, MATCH($D11,'Rooms Walls and Glass'!$A$3:$A$17,0), MATCH('Unit 1 a'!AM$7,'Rooms Walls and Glass'!$D$1:$AB$1,0))=0,"",INDEX('Rooms Walls and Glass'!$D$3:$AB$17, MATCH($D11,'Rooms Walls and Glass'!$A$3:$A$17,0), MATCH('Unit 1 a'!AM$7,'Rooms Walls and Glass'!$D$1:$AB$1,0)))) | AN11: =IF(AM11="","-",AM11*$G11) -> - | AO11: =IF(AO$7="","",IF(INDEX('Rooms Walls and Glass'!$D$3:$AB$17, MATCH($D11,'Rooms Walls and Glass'!$A$3:$A$17,0), MATCH('Unit 1 a'!AO$7,'Rooms Walls and Glass'!$D$1:$AB$1,0))=0,"",INDEX('Rooms Walls and Glass'!$D$3:$AB$17, MATCH($D11,'Rooms Walls and Glass'!$A$3:$A$17,0), MATCH('Unit 1 a'!AO$7,'Rooms Walls and Glass'!$D$1:$AB$1,0)))) | AP11: =IF(AO11="","-",AO11*$G11) -> -
C12: G1 | D12: ='Rooms Walls and Glass'!A11 -> East | F12: (SW) | G12: =INDEX('Glass CLF Calculation'!$A$4:$G$11,MATCH('Unit 1 a'!D12,'Glass CLF Calculation'!$A$4:$A$11,0),7) -> 12.954 | H12: Btu/hr-sf | I12: =SUM(K12,M12,O12,Q12,U12,W12,Y12,AA12,AC12,AE12,AG12,AI12,S12,AK12,AM12,AO12) -> 0 | J12: =IF(I12="","-",I12*$G12) -> 0 | K12: =IF(K$7="","",IF(INDEX('Rooms Walls and Glass'!$D$3:$AB$17, MATCH($D12,'Rooms Walls and Glass'!$A$3:$A$17,0), MATCH('Unit 1 a'!K$7,'Rooms Walls and Glass'!$D$1:$AB$1,0))=0,"",INDEX('Rooms Walls and Glass'!$D$3:$AB$17, MATCH($D12,'Rooms Walls and Glass'!$A$3:$A$17,0), MATCH('Unit 1 a'!K$7,'Rooms Walls and Glass'!$D$1:$AB$1,0)))) | L12: =IF(K12="","-",K12*$G12) -> - | M12: =IF(M$7="","",IF(INDEX('Rooms Walls and Glass'!$D$3:$AB$17, MATCH($D12,'Rooms Walls and Glass'!$A$3:$A$17,0), MATCH('Unit 1 a'!M$7,'Rooms Walls and Glass'!$D$1:$AB$1,0))=0,"",INDEX('Rooms Walls and Glass'!$D$3:$AB$17, MATCH($D12,'Rooms Walls and Glass'!$A$3:$A$17,0), MATCH('Unit 1 a'!M$7,'Rooms Walls and Glass'!$D$1:$AB$1,0)))) | N12: =IF(M12="","-",M12*$G12) -> - | O12: =IF(O$7="","",IF(INDEX('Rooms Walls and Glass'!$D$3:$AB$17, MATCH($D12,'Rooms Walls and Glass'!$A$3:$A$17,0), MATCH('Unit 1 a'!O$7,'Rooms Walls and Glass'!$D$1:$AB$1,0))=0,"",INDEX('Rooms Walls and Glass'!$D$3:$AB$17, MATCH($D12,'Rooms Walls and Glass'!$A$3:$A$17,0), MATCH('Unit 1 a'!O$7,'Rooms Walls and Glass'!$D$1:$AB$1,0)))) | P12: =IF(O12="","-",O12*$G12) -> - | Q12: =IF(Q$7="","",IF(INDEX('Rooms Walls and Glass'!$D$3:$AB$17, MATCH($D12,'Rooms Walls and Glass'!$A$3:$A$17,0), MATCH('Unit 1 a'!Q$7,'Rooms Walls and Glass'!$D$1:$AB$1,0))=0,"",INDEX('Rooms Walls and Glass'!$D$3:$AB$17, MATCH($D12,'Rooms Walls and Glass'!$A$3:$A$17,0), MATCH('Unit 1 a'!Q$7,'Rooms Walls and Glass'!$D$1:$AB$1,0)))) | R12: =IF(Q12="","-",Q12*$G12) -> - | S12: =IF(S$7="","",IF(INDEX('Rooms Walls and Glass'!$D$3:$AB$17, MATCH($D12,'Rooms Walls and Glass'!$A$3:$A$17,0), MATCH('Unit 1 a'!S$7,'Rooms Walls and Glass'!$D$1:$AB$1,0))=0,"",INDEX('Rooms Walls and Glass'!$D$3:$AB$17, MATCH($D12,'Rooms Walls and Glass'!$A$3:$A$17,0), MATCH('Unit 1 a'!S$7,'Rooms Walls and Glass'!$D$1:$AB$1,0)))) | T12: =IF(S12="","-",S12*$G12) -> - | U12: =IF(U$7="","",IF(INDEX('Rooms Walls and Glass'!$D$3:$AB$17, MATCH($D12,'Rooms Walls and Glass'!$A$3:$A$17,0), MATCH('Unit 1 a'!U$7,'Rooms Walls and Glass'!$D$1:$AB$1,0))=0,"",INDEX('Rooms Walls and Glass'!$D$3:$AB$17, MATCH($D12,'Rooms Walls and Glass'!$A$3:$A$17,0), MATCH('Unit 1 a'!U$7,'Rooms Walls and Glass'!$D$1:$AB$1,0)))) | V12: =IF(U12="","-",U12*$G12) -> - | W12: =IF(W$7="","",IF(INDEX('Rooms Walls and Glass'!$D$3:$AB$17, MATCH($D12,'Rooms Walls and Glass'!$A$3:$A$17,0), MATCH('Unit 1 a'!W$7,'Rooms Walls and Glass'!$D$1:$AB$1,0))=0,"",INDEX('Rooms Walls and Glass'!$D$3:$AB$17, MATCH($D12,'Rooms Walls and Glass'!$A$3:$A$17,0), MATCH('Unit 1 a'!W$7,'Rooms Walls and Glass'!$D$1:$AB$1,0)))) | X12: =IF(W12="","-",W12*$G12) -> - | Y12: =IF(Y$7="","",IF(INDEX('Rooms Walls and Glass'!$D$3:$AB$17, MATCH($D12,'Rooms Walls and Glass'!$A$3:$A$17,0), MATCH('Unit 1 a'!Y$7,'Rooms Walls and Glass'!$D$1:$AB$1,0))=0,"",INDEX('Rooms Walls and Glass'!$D$3:$AB$17, MATCH($D12,'Rooms Walls and Glass'!$A$3:$A$17,0), MATCH('Unit 1 a'!Y$7,'Rooms Walls and Glass'!$D$1:$AB$1,0)))) | Z12: =IF(Y12="","-",Y12*$G12) -> - | AA12: =IF(AA$7="","",IF(INDEX('Rooms Walls and Glass'!$D$3:$AB$17, MATCH($D12,'Rooms Walls and Glass'!$A$3:$A$17,0), MATCH('Unit 1 a'!AA$7,'Rooms Walls and Glass'!$D$1:$AB$1,0))=0,"",INDEX('Rooms Walls and Glass'!$D$3:$AB$17, MATCH($D12,'Rooms Walls and Glass'!$A$3:$A$17,0), MATCH('Unit 1 a'!AA$7,'Rooms Walls and Glass'!$D$1:$AB$1,0)))) | AB12: =IF(AA12="","-",AA12*$G12) -> - | AC12: =IF(AC$7="","",IF(INDEX('Rooms Walls and Glass'!$D$3:$AB$17, MATCH($D12,'Rooms Walls and Glass'!$A$3:$A$17,0), MATCH('Unit 1 a'!AC$7,'Rooms Walls and Glass'!$D$1:$AB$1,0))=0,"",INDEX('Rooms Walls and Glass'!$D$3:$AB$17, MATCH($D12,'Rooms Walls and Glass'!$A$3:$A$17,0), MATCH('Unit 1 a'!AC$7,'Rooms Walls and Glass'!$D$1:$AB$1,0)))) | AD12: =IF(AC12="","-",AC12*$G12) -> - | AE12: =IF(AE$7="","",IF(INDEX('Rooms Walls and Glass'!$D$3:$AB$17, MATCH($D12,'Rooms Walls and Glass'!$A$3:$A$17,0), MATCH('Unit 1 a'!AE$7,'Rooms Walls and Glass'!$D$1:$AB$1,0))=0,"",INDEX('Rooms Walls and Glass'!$D$3:$AB$17, MATCH($D12,'Rooms Walls and Glass'!$A$3:$A$17,0), MATCH('Unit 1 a'!AE$7,'Rooms Walls and Glass'!$D$1:$AB$1,0)))) | AF12: =IF(AE12="","-",AE12*$G12) -> - | AG12: =IF(AG$7="","",IF(INDEX('Rooms Walls and Glass'!$D$3:$AB$17, MATCH($D12,'Rooms Walls and Glass'!$A$3:$A$17,0), MATCH('Unit 1 a'!AG$7,'Rooms Walls and Glass'!$D$1:$AB$1,0))=0,"",INDEX('Rooms Walls and Glass'!$D$3:$AB$17, MATCH($D12,'Rooms Walls and Glass'!$A$3:$A$17,0), MATCH('Unit 1 a'!AG$7,'Rooms Walls and Glass'!$D$1:$AB$1,0)))) | AH12: =IF(AG12="","-",AG12*$G12) -> - | AI12: =IF(AI$7="","",IF(INDEX('Rooms Walls and Glass'!$D$3:$AB$17, MATCH($D12,'Rooms Walls and Glass'!$A$3:$A$17,0), MATCH('Unit 1 a'!AI$7,'Rooms Walls and Glass'!$D$1:$AB$1,0))=0,"",INDEX('Rooms Walls and Glass'!$D$3:$AB$17, MATCH($D12,'Rooms Walls and Glass'!$A$3:$A$17,0), MATCH('Unit 1 a'!AI$7,'Rooms Walls and Glass'!$D$1:$AB$1,0)))) | AJ12: =IF(AI12="","-",AI12*$G12) -> - | AK12: =IF(AK$7="","",IF(INDEX('Rooms Walls and Glass'!$D$3:$AB$17, MATCH($D12,'Rooms Walls and Glass'!$A$3:$A$17,0), MATCH('Unit 1 a'!AK$7,'Rooms Walls and Glass'!$D$1:$AB$1,0))=0,"",INDEX('Rooms Walls and Glass'!$D$3:$AB$17, MATCH($D12,'Rooms Walls and Glass'!$A$3:$A$17,0), MATCH('Unit 1 a'!AK$7,'Rooms Walls and Glass'!$D$1:$AB$1,0)))) | AL12: =IF(AK12="","-",AK12*$G12) -> - | AM12: =IF(AM$7="","",IF(INDEX('Rooms Walls and Glass'!$D$3:$AB$17, MATCH($D12,'Rooms Walls and Glass'!$A$3:$A$17,0), MATCH('Unit 1 a'!AM$7,'Rooms Walls and Glass'!$D$1:$AB$1,0))=0,"",INDEX('Rooms Walls and Glass'!$D$3:$AB$17, MATCH($D12,'Rooms Walls and Glass'!$A$3:$A$17,0), MATCH('Unit 1 a'!AM$7,'Rooms Walls and Glass'!$D$1:$AB$1,0)))) | AN12: =IF(AM12="","-",AM12*$G12) -> - | AO12: =IF(AO$7="","",IF(INDEX('Rooms Walls and Glass'!$D$3:$AB$17, MATCH($D12,'Rooms Walls and Glass'!$A$3:$A$17,0), MATCH('Unit 1 a'!AO$7,'Rooms Walls and Glass'!$D$1:$AB$1,0))=0,"",INDEX('Rooms Walls and Glass'!$D$3:$AB$17, MATCH($D12,'Rooms Walls and Glass'!$A$3:$A$17,0), MATCH('Unit 1 a'!AO$7,'Rooms Walls and Glass'!$D$1:$AB$1,0)))) | AP12: =IF(AO12="","-",AO12*$G12) -> -
C13: G1 | D13: ='Rooms Walls and Glass'!A12 -> SouthEast | E13: Left | F13: (W) | G13: =INDEX('Glass CLF Calculation'!$A$4:$G$11,MATCH('Unit 1 a'!D13,'Glass CLF Calculation'!$A$4:$A$11,0),7) -> 14.271164 | H13: Btu/hr-sf | I13: =SUM(K13,M13,O13,Q13,U13,W13,Y13,AA13,AC13,AE13,AG13,AI13,S13,AK13,AM13,AO13) -> 16 | J13: =IF(I13="","-",I13*$G13) -> 228.33863 | K13: =IF(K$7="","",IF(INDEX('Rooms Walls and Glass'!$D$3:$AB$17, MATCH($D13,'Rooms Walls and Glass'!$A$3:$A$17,0), MATCH('Unit 1 a'!K$7,'Rooms Walls and Glass'!$D$1:$AB$1,0))=0,"",INDEX('Rooms Walls and Glass'!$D$3:$AB$17, MATCH($D13,'Rooms Walls and Glass'!$A$3:$A$17,0), MATCH('Unit 1 a'!K$7,'Rooms Walls and Glass'!$D$1:$AB$1,0)))) | L13: =IF(K13="","-",K13*$G13) -> - | M13: =IF(M$7="","",IF(INDEX('Rooms Walls and Glass'!$D$3:$AB$17, MATCH($D13,'Rooms Walls and Glass'!$A$3:$A$17,0), MATCH('Unit 1 a'!M$7,'Rooms Walls and Glass'!$D$1:$AB$1,0))=0,"",INDEX('Rooms Walls and Glass'!$D$3:$AB$17, MATCH($D13,'Rooms Walls and Glass'!$A$3:$A$17,0), MATCH('Unit 1 a'!M$7,'Rooms Walls and Glass'!$D$1:$AB$1,0)))) | N13: =IF(M13="","-",M13*$G13) -> - | O13: =IF(O$7="","",IF(INDEX('Rooms Walls and Glass'!$D$3:$AB$17, MATCH($D13,'Rooms Walls and Glass'!$A$3:$A$17,0), MATCH('Unit 1 a'!O$7,'Rooms Walls and Glass'!$D$1:$AB$1,0))=0,"",INDEX('Rooms Walls and Glass'!$D$3:$AB$17, MATCH($D13,'Rooms Walls and Glass'!$A$3:$A$17,0), MATCH('Unit 1 a'!O$7,'Rooms Walls and Glass'!$D$1:$AB$1,0)))) | P13: =IF(O13="","-",O13*$G13) -> - | Q13: =IF(Q$7="","",IF(INDEX('Rooms Walls and Glass'!$D$3:$AB$17, MATCH($D13,'Rooms Walls and Glass'!$A$3:$A$17,0), MATCH('Unit 1 a'!Q$7,'Rooms Walls and Glass'!$D$1:$AB$1,0))=0,"",INDEX('Rooms Walls and Glass'!$D$3:$AB$17, MATCH($D13,'Rooms Walls and Glass'!$A$3:$A$17,0), MATCH('Unit 1 a'!Q$7,'Rooms Walls and Glass'!$D$1:$AB$1,0)))) -> 16 | R13: =IF(Q13="","-",Q13*$G13) -> 228.33863 | S13: =IF(S$7="","",IF(INDEX('Rooms Walls and Glass'!$D$3:$AB$17, MATCH($D13,'Rooms Walls and Glass'!$A$3:$A$17,0), MATCH('Unit 1 a'!S$7,'Rooms Walls and Glass'!$D$1:$AB$1,0))=0,"",INDEX('Rooms Walls and Glass'!$D$3:$AB$17, MATCH($D13,'Rooms Walls and Glass'!$A$3:$A$17,0), MATCH('Unit 1 a'!S$7,'Rooms Walls and Glass'!$D$1:$AB$1,0)))) | T13: =IF(S13="","-",S13*$G13) -> - | U13: =IF(U$7="","",IF(INDEX('Rooms Walls and Glass'!$D$3:$AB$17, MATCH($D13,'Rooms Walls and Glass'!$A$3:$A$17,0), MATCH('Unit 1 a'!U$7,'Rooms Walls and Glass'!$D$1:$AB$1,0))=0,"",INDEX('Rooms Walls and Glass'!$D$3:$AB$17, MATCH($D13,'Rooms Walls and Glass'!$A$3:$A$17,0), MATCH('Unit 1 a'!U$7,'Rooms Walls and Glass'!$D$1:$AB$1,0)))) | V13: =IF(U13="","-",U13*$G13) -> - | W13: =IF(W$7="","",IF(INDEX('Rooms Walls and Glass'!$D$3:$AB$17, MATCH($D13,'Rooms Walls and Glass'!$A$3:$A$17,0), MATCH('Unit 1 a'!W$7,'Rooms Walls and Glass'!$D$1:$AB$1,0))=0,"",INDEX('Rooms Walls and Glass'!$D$3:$AB$17, MATCH($D13,'Rooms Walls and Glass'!$A$3:$A$17,0), MATCH('Unit 1 a'!W$7,'Rooms Walls and Glass'!$D$1:$AB$1,0)))) | X13: =IF(W13="","-",W13*$G13) -> - | Y13: =IF(Y$7="","",IF(INDEX('Rooms Walls and Glass'!$D$3:$AB$17, MATCH($D13,'Rooms Walls and Glass'!$A$3:$A$17,0), MATCH('Unit 1 a'!Y$7,'Rooms Walls and Glass'!$D$1:$AB$1,0))=0,"",INDEX('Rooms Walls and Glass'!$D$3:$AB$17, MATCH($D13,'Rooms Walls and Glass'!$A$3:$A$17,0), MATCH('Unit 1 a'!Y$7,'Rooms Walls and Glass'!$D$1:$AB$1,0)))) | Z13: =IF(Y13="","-",Y13*$G13) -> - | AA13: =IF(AA$7="","",IF(INDEX('Rooms Walls and Glass'!$D$3:$AB$17, MATCH($D13,'Rooms Walls and Glass'!$A$3:$A$17,0), MATCH('Unit 1 a'!AA$7,'Rooms Walls and Glass'!$D$1:$AB$1,0))=0,"",INDEX('Rooms Walls and Glass'!$D$3:$AB$17, MATCH($D13,'Rooms Walls and Glass'!$A$3:$A$17,0), MATCH('Unit 1 a'!AA$7,'Rooms Walls and Glass'!$D$1:$AB$1,0)))) | AB13: =IF(AA13="","-",AA13*$G13) -> - | AC13: =IF(AC$7="","",IF(INDEX('Rooms Walls and Glass'!$D$3:$AB$17, MATCH($D13,'Rooms Walls and Glass'!$A$3:$A$17,0), MATCH('Unit 1 a'!AC$7,'Rooms Walls and Glass'!$D$1:$AB$1,0))=0,"",INDEX('Rooms Walls and Glass'!$D$3:$AB$17, MATCH($D13,'Rooms Walls and Glass'!$A$3:$A$17,0), MATCH('Unit 1 a'!AC$7,'Rooms Walls and Glass'!$D$1:$AB$1,0)))) | AD13: =IF(AC13="","-",AC13*$G13) -> - | AE13: =IF(AE$7="","",IF(INDEX('Rooms Walls and Glass'!$D$3:$AB$17, MATCH($D13,'Rooms Walls and Glass'!$A$3:$A$17,0), MATCH('Unit 1 a'!AE$7,'Rooms Walls and Glass'!$D$1:$AB$1,0))=0,"",INDEX('Rooms Walls and Glass'!$D$3:$AB$17, MATCH($D13,'Rooms Walls and Glass'!$A$3:$A$17,0), MATCH('Unit 1 a'!AE$7,'Rooms Walls and Glass'!$D$1:$AB$1,0)))) | AF13: =IF(AE13="","-",AE13*$G13) -> - | AG13: =IF(AG$7="","",IF(INDEX('Rooms Walls and Glass'!$D$3:$AB$17, MATCH($D13,'Rooms Walls and Glass'!$A$3:$A$17,0), MATCH('Unit 1 a'!AG$7,'Rooms Walls and Glass'!$D$1:$AB$1,0))=0,"",INDEX('Rooms Walls and Glass'!$D$3:$AB$17, MATCH($D13,'Rooms Walls and Glass'!$A$3:$A$17,0), MATCH('Unit 1 a'!AG$7,'Rooms Walls and Glass'!$D$1:$AB$1,0)))) | AH13: =IF(AG13="","-",AG13*$G13) -> - | AI13: =IF(AI$7="","",IF(INDEX('Rooms Walls and Glass'!$D$3:$AB$17, MATCH($D13,'Rooms Walls and Glass'!$A$3:$A$17,0), MATCH('Unit 1 a'!AI$7,'Rooms Walls and Glass'!$D$1:$AB$1,0))=0,"",INDEX('Rooms Walls and Glass'!$D$3:$AB$17, MATCH($D13,'Rooms Walls and Glass'!$A$3:$A$17,0), MATCH('Unit 1 a'!AI$7,'Rooms Walls and Glass'!$D$1:$AB$1,0)))) | AJ13: =IF(AI13="","-",AI13*$G13) -> - | AK13: =IF(AK$7="","",IF(INDEX('Rooms Walls and Glass'!$D$3:$AB$17, MATCH($D13,'Rooms Walls and Glass'!$A$3:$A$17,0), MATCH('Unit 1 a'!AK$7,'Rooms Walls and Glass'!$D$1:$AB$1,0))=0,"",INDEX('Rooms Walls and Glass'!$D$3:$AB$17, MATCH($D13,'Rooms Walls and Glass'!$A$3:$A$17,0), MATCH('Unit 1 a'!AK$7,'Rooms Walls and Glass'!$D$1:$AB$1,0)))) | AL13: =IF(AK13="","-",AK13*$G13) -> - | AM13: =IF(AM$7="","",IF(INDEX('Rooms Walls and Glass'!$D$3:$AB$17, MATCH($D13,'Rooms Walls and Glass'!$A$3:$A$17,0), MATCH('Unit 1 a'!AM$7,'Rooms Walls and Glass'!$D$1:$AB$1,0))=0,"",INDEX('Rooms Walls and Glass'!$D$3:$AB$17, MATCH($D13,'Rooms Walls and Glass'!$A$3:$A$17,0), MATCH('Unit 1 a'!AM$7,'Rooms Walls and Glass'!$D$1:$AB$1,0)))) | AN13: =IF(AM13="","-",AM13*$G13) -> - | AO13: =IF(AO$7="","",IF(INDEX('Rooms Walls and Glass'!$D$3:$AB$17, MATCH($D13,'Rooms Walls and Glass'!$A$3:$A$17,0), MATCH('Unit 1 a'!AO$7,'Rooms Walls and Glass'!$D$1:$AB$1,0))=0,"",INDEX('Rooms Walls and Glass'!$D$3:$AB$17, MATCH($D13,'Rooms Walls and Glass'!$A$3:$A$17,0), MATCH('Unit 1 a'!AO$7,'Rooms Walls and Glass'!$D$1:$AB$1,0)))) | AP13: =IF(AO13="","-",AO13*$G13) -> -
C14: G1 | D14: ='Rooms Walls and Glass'!A13 -> South | F14: (NW) | G14: =INDEX('Glass CLF Calculation'!$A$4:$G$11,MATCH('Unit 1 a'!D14,'Glass CLF Calculation'!$A$4:$A$11,0),7) -> 15.869088 | H14: Btu/hr-sf | I14: =SUM(K14,M14,O14,Q14,U14,W14,Y14,AA14,AC14,AE14,AG14,AI14,S14,AK14,AM14,AO14) -> 0 | J14: =IF(I14="","-",I14*$G14) -> 0 | K14: =IF(K$7="","",IF(INDEX('Rooms Walls and Glass'!$D$3:$AB$17, MATCH($D14,'Rooms Walls and Glass'!$A$3:$A$17,0), MATCH('Unit 1 a'!K$7,'Rooms Walls and Glass'!$D$1:$AB$1,0))=0,"",INDEX('Rooms Walls and Glass'!$D$3:$AB$17, MATCH($D14,'Rooms Walls and Glass'!$A$3:$A$17,0), MATCH('Unit 1 a'!K$7,'Rooms Walls and Glass'!$D$1:$AB$1,0)))) | L14: =IF(K14="","-",K14*$G14) -> - | M14: =IF(M$7="","",IF(INDEX('Rooms Walls and Glass'!$D$3:$AB$17, MATCH($D14,'Rooms Walls and Glass'!$A$3:$A$17,0), MATCH('Unit 1 a'!M$7,'Rooms Walls and Glass'!$D$1:$AB$1,0))=0,"",INDEX('Rooms Walls and Glass'!$D$3:$AB$17, MATCH($D14,'Rooms Walls and Glass'!$A$3:$A$17,0), MATCH('Unit 1 a'!M$7,'Rooms Walls and Glass'!$D$1:$AB$1,0)))) | N14: =IF(M14="","-",M14*$G14) -> - | O14: =IF(O$7="","",IF(INDEX('Rooms Walls and Glass'!$D$3:$AB$17, MATCH($D14,'Rooms Walls and Glass'!$A$3:$A$17,0), MATCH('Unit 1 a'!O$7,'Rooms Walls and Glass'!$D$1:$AB$1,0))=0,"",INDEX('Rooms Walls and Glass'!$D$3:$AB$17, MATCH($D14,'Rooms Walls and Glass'!$A$3:$A$17,0), MATCH('Unit 1 a'!O$7,'Rooms Walls and Glass'!$D$1:$AB$1,0)))) | P14: =IF(O14="","-",O14*$G14) -> - | Q14: =IF(Q$7="","",IF(INDEX('Rooms Walls and Glass'!$D$3:$AB$17, MATCH($D14,'Rooms Walls and Glass'!$A$3:$A$17,0), MATCH('Unit 1 a'!Q$7,'Rooms Walls and Glass'!$D$1:$AB$1,0))=0,"",INDEX('Rooms Walls and Glass'!$D$3:$AB$17, MATCH($D14,'Rooms Walls and Glass'!$A$3:$A$17,0), MATCH('Unit 1 a'!Q$7,'Rooms Walls and Glass'!$D$1:$AB$1,0)))) | R14: =IF(Q14="","-",Q14*$G14) -> - | S14: =IF(S$7="","",IF(INDEX('Rooms Walls and Glass'!$D$3:$AB$17, MATCH($D14,'Rooms Walls and Glass'!$A$3:$A$17,0), MATCH('Unit 1 a'!S$7,'Rooms Walls and Glass'!$D$1:$AB$1,0))=0,"",INDEX('Rooms Walls and Glass'!$D$3:$AB$17, MATCH($D14,'Rooms Walls and Glass'!$A$3:$A$17,0), MATCH('Unit 1 a'!S$7,'Rooms Walls and Glass'!$D$1:$AB$1,0)))) | T14: =IF(S14="","-",S14*$G14) -> - | U14: =IF(U$7="","",IF(INDEX('Rooms Walls and Glass'!$D$3:$AB$17, MATCH($D14,'Rooms Walls and Glass'!$A$3:$A$17,0), MATCH('Unit 1 a'!U$7,'Rooms Walls and Glass'!$D$1:$AB$1,0))=0,"",INDEX('Rooms Walls and Glass'!$D$3:$AB$17, MATCH($D14,'Rooms Walls and Glass'!$A$3:$A$17,0), MATCH('Unit 1 a'!U$7,'Rooms Walls and Glass'!$D$1:$AB$1,0)))) | V14: =IF(U14="","-",U14*$G14) -> - | W14: =IF(W$7="","",IF(INDEX('Rooms Walls and Glass'!$D$3:$AB$17, MATCH($D14,'Rooms Walls and Glass'!$A$3:$A$17,0), MATCH('Unit 1 a'!W$7,'Rooms Walls and Glass'!$D$1:$AB$1,0))=0,"",INDEX('Rooms Walls and Glass'!$D$3:$AB$17, MATCH($D14,'Rooms Walls and Glass'!$A$3:$A$17,0), MATCH('Unit 1 a'!W$7,'Rooms Walls and Glass'!$D$1:$AB$1,0)))) | X14: =IF(W14="","-",W14*$G14) -> - | Y14: =IF(Y$7="","",IF(INDEX('Rooms Walls and Glass'!$D$3:$AB$17, MATCH($D14,'Rooms Walls and Glass'!$A$3:$A$17,0), MATCH('Unit 1 a'!Y$7,'Rooms Walls and Glass'!$D$1:$AB$1,0))=0,"",INDEX('Rooms Walls and Glass'!$D$3:$AB$17, MATCH($D14,'Rooms Walls and Glass'!$A$3:$A$17,0), MATCH('Unit 1 a'!Y$7,'Rooms Walls and Glass'!$D$1:$AB$1,0)))) | Z14: =IF(Y14="","-",Y14*$G14) -> - | AA14: =IF(AA$7="","",IF(INDEX('Rooms Walls and Glass'!$D$3:$AB$17, MATCH($D14,'Rooms Walls and Glass'!$A$3:$A$17,0), MATCH('Unit 1 a'!AA$7,'Rooms Walls and Glass'!$D$1:$AB$1,0))=0,"",INDEX('Rooms Walls and Glass'!$D$3:$AB$17, MATCH($D14,'Rooms Walls and Glass'!$A$3:$A$17,0), MATCH('Unit 1 a'!AA$7,'Rooms Walls and Glass'!$D$1:$AB$1,0)))) | AB14: =IF(AA14="","-",AA14*$G14) -> - | AC14: =IF(AC$7="","",IF(INDEX('Rooms Walls and Glass'!$D$3:$AB$17, MATCH($D14,'Rooms Walls and Glass'!$A$3:$A$17,0), MATCH('Unit 1 a'!AC$7,'Rooms Walls and Glass'!$D$1:$AB$1,0))=0,"",INDEX('Rooms Walls and Glass'!$D$3:$AB$17, MATCH($D14,'Rooms Walls and Glass'!$A$3:$A$17,0), MATCH('Unit 1 a'!AC$7,'Rooms Walls and Glass'!$D$1:$AB$1,0)))) | AD14: =IF(AC14="","-",AC14*$G14) -> - | AE14: =IF(AE$7="","",IF(INDEX('Rooms Walls and Glass'!$D$3:$AB$17, MATCH($D14,'Rooms Walls and Glass'!$A$3:$A$17,0), MATCH('Unit 1 a'!AE$7,'Rooms Walls and Glass'!$D$1:$AB$1,0))=0,"",INDEX('Rooms Walls and Glass'!$D$3:$AB$17, MATCH($D14,'Rooms Walls and Glass'!$A$3:$A$17,0), MATCH('Unit 1 a'!AE$7,'Rooms Walls and Glass'!$D$1:$AB$1,0)))) | AF14: =IF(AE14="","-",AE14*$G14) -> - | AG14: =IF(AG$7="","",IF(INDEX('Rooms Walls and Glass'!$D$3:$AB$17, MATCH($D14,'Rooms Walls and Glass'!$A$3:$A$17,0), MATCH('Unit 1 a'!AG$7,'Rooms Walls and Glass'!$D$1:$AB$1,0))=0,"",INDEX('Rooms Walls and Glass'!$D$3:$AB$17, MATCH($D14,'Rooms Walls and Glass'!$A$3:$A$17,0), MATCH('Unit 1 a'!AG$7,'Rooms Walls and Glass'!$D$1:$AB$1,0)))) | AH14: =IF(AG14="","-",AG14*$G14) -> - | AI14: =IF(AI$7="","",IF(INDEX('Rooms Walls and Glass'!$D$3:$AB$17, MATCH($D14,'Rooms Walls and Glass'!$A$3:$A$17,0), MATCH('Unit 1 a'!AI$7,'Rooms Walls and Glass'!$D$1:$AB$1,0))=0,"",INDEX('Rooms Walls and Glass'!$D$3:$AB$17, MATCH($D14,'Rooms Walls and Glass'!$A$3:$A$17,0), MATCH('Unit 1 a'!AI$7,'Rooms Walls and Glass'!$D$1:$AB$1,0)))) | AJ14: =IF(AI14="","-",AI14*$G14) -> - | AK14: =IF(AK$7="","",IF(INDEX('Rooms Walls and Glass'!$D$3:$AB$17, MATCH($D14,'Rooms Walls and Glass'!$A$3:$A$17,0), MATCH('Unit 1 a'!AK$7,'Rooms Walls and Glass'!$D$1:$AB$1,0))=0,"",INDEX('Rooms Walls and Glass'!$D$3:$AB$17, MATCH($D14,'Rooms Walls and Glass'!$A$3:$A$17,0), MATCH('Unit 1 a'!AK$7,'Rooms Walls and Glass'!$D$1:$AB$1,0)))) | AL14: =IF(AK14="","-",AK14*$G14) -> - | AM14: =IF(AM$7="","",IF(INDEX('Rooms Walls and Glass'!$D$3:$AB$17, MATCH($D14,'Rooms Walls and Glass'!$A$3:$A$17,0), MATCH('Unit 1 a'!AM$7,'Rooms Walls and Glass'!$D$1:$AB$1,0))=0,"",INDEX('Rooms Walls and Glass'!$D$3:$AB$17, MATCH($D14,'Rooms Walls and Glass'!$A$3:$A$17,0), MATCH('Unit 1 a'!AM$7,'Rooms Walls and Glass'!$D$1:$AB$1,0)))) | AN14: =IF(AM14="","-",AM14*$G14) -> - | AO14: =IF(AO$7="","",IF(INDEX('Rooms Walls and Glass'!$D$3:$AB$17, MATCH($D14,'Rooms Walls and Glass'!$A$3:$A$17,0), MATCH('Unit 1 a'!AO$7,'Rooms Walls and Glass'!$D$1:$AB$1,0))=0,"",INDEX('Rooms Walls and Glass'!$D$3:$AB$17, MATCH($D14,'Rooms Walls and Glass'!$A$3:$A$17,0), MATCH('Unit 1 a'!AO$7,'Rooms Walls and Glass'!$D$1:$AB$1,0)))) | AP14: =IF(AO14="","-",AO14*$G14) -> -
C15: G1 | D15: ='Rooms Walls and Glass'!A14 -> SouthWest | E15: Back | F15: (N) | G15: =INDEX('Glass CLF Calculation'!$A$4:$G$11,MATCH('Unit 1 a'!D15,'Glass CLF Calculation'!$A$4:$A$11,0),7) -> 26.22 | H15: Btu/hr-sf | I15: =SUM(K15,M15,O15,Q15,U15,W15,Y15,AA15,AC15,AE15,AG15,AI15,S15,AK15,AM15,AO15) -> 30 | J15: =IF(I15="","-",I15*$G15) -> 786.6 | K15: =IF(K$7="","",IF(INDEX('Rooms Walls and Glass'!$D$3:$AB$17, MATCH($D15,'Rooms Walls and Glass'!$A$3:$A$17,0), MATCH('Unit 1 a'!K$7,'Rooms Walls and Glass'!$D$1:$AB$1,0))=0,"",INDEX('Rooms Walls and Glass'!$D$3:$AB$17, MATCH($D15,'Rooms Walls and Glass'!$A$3:$A$17,0), MATCH('Unit 1 a'!K$7,'Rooms Walls and Glass'!$D$1:$AB$1,0)))) | L15: =IF(K15="","-",K15*$G15) -> - | M15: =IF(M$7="","",IF(INDEX('Rooms Walls and Glass'!$D$3:$AB$17, MATCH($D15,'Rooms Walls and Glass'!$A$3:$A$17,0), MATCH('Unit 1 a'!M$7,'Rooms Walls and Glass'!$D$1:$AB$1,0))=0,"",INDEX('Rooms Walls and Glass'!$D$3:$AB$17, MATCH($D15,'Rooms Walls and Glass'!$A$3:$A$17,0), MATCH('Unit 1 a'!M$7,'Rooms Walls and Glass'!$D$1:$AB$1,0)))) | N15: =IF(M15="","-",M15*$G15) -> - | O15: =IF(O$7="","",IF(INDEX('Rooms Walls and Glass'!$D$3:$AB$17, MATCH($D15,'Rooms Walls and Glass'!$A$3:$A$17,0), MATCH('Unit 1 a'!O$7,'Rooms Walls and Glass'!$D$1:$AB$1,0))=0,"",INDEX('Rooms Walls and Glass'!$D$3:$AB$17, MATCH($D15,'Rooms Walls and Glass'!$A$3:$A$17,0), MATCH('Unit 1 a'!O$7,'Rooms Walls and Glass'!$D$1:$AB$1,0)))) | P15: =IF(O15="","-",O15*$G15) -> - | Q15: =IF(Q$7="","",IF(INDEX('Rooms Walls and Glass'!$D$3:$AB$17, MATCH($D15,'Rooms Walls and Glass'!$A$3:$A$17,0), MATCH('Unit 1 a'!Q$7,'Rooms Walls and Glass'!$D$1:$AB$1,0))=0,"",INDEX('Rooms Walls and Glass'!$D$3:$AB$17, MATCH($D15,'Rooms Walls and Glass'!$A$3:$A$17,0), MATCH('Unit 1 a'!Q$7,'Rooms Walls and Glass'!$D$1:$AB$1,0)))) | R15: =IF(Q15="","-",Q15*$G15) -> - | S15: =IF(S$7="","",IF(INDEX('Rooms Walls and Glass'!$D$3:$AB$17, MATCH($D15,'Rooms Walls and Glass'!$A$3:$A$17,0), MATCH('Unit 1 a'!S$7,'Rooms Walls and Glass'!$D$1:$AB$1,0))=0,"",INDEX('Rooms Walls and Glass'!$D$3:$AB$17, MATCH($D15,'Rooms Walls and Glass'!$A$3:$A$17,0), MATCH('Unit 1 a'!S$7,'Rooms Walls and Glass'!$D$1:$AB$1,0)))) | T15: =IF(S15="","-",S15*$G15) -> - | U15: =IF(U$7="","",IF(INDEX('Rooms Walls and Glass'!$D$3:$AB$17, MATCH($D15,'Rooms Walls and Glass'!$A$3:$A$17,0), MATCH('Unit 1 a'!U$7,'Rooms Walls and Glass'!$D$1:$AB$1,0))=0,"",INDEX('Rooms Walls and Glass'!$D$3:$AB$17, MATCH($D15,'Rooms Walls and Glass'!$A$3:$A$17,0), MATCH('Unit 1 a'!U$7,'Rooms Walls and Glass'!$D$1:$AB$1,0)))) | V15: =IF(U15="","-",U15*$G15) -> - | W15: =IF(W$7="","",IF(INDEX('Rooms Walls and Glass'!$D$3:$AB$17, MATCH($D15,'Rooms Walls and Glass'!$A$3:$A$17,0), MATCH('Unit 1 a'!W$7,'Rooms Walls and Glass'!$D$1:$AB$1,0))=0,"",INDEX('Rooms Walls and Glass'!$D$3:$AB$17, MATCH($D15,'Rooms Walls and Glass'!$A$3:$A$17,0), MATCH('Unit 1 a'!W$7,'Rooms Walls and Glass'!$D$1:$AB$1,0)))) -> 15 | X15: =IF(W15="","-",W15*$G15) -> 393.3 | Y15: =IF(Y$7="","",IF(INDEX('Rooms Walls and Glass'!$D$3:$AB$17, MATCH($D15,'Rooms Walls and Glass'!$A$3:$A$17,0), MATCH('Unit 1 a'!Y$7,'Rooms Walls and Glass'!$D$1:$AB$1,0))=0,"",INDEX('Rooms Walls and Glass'!$D$3:$AB$17, MATCH($D15,'Rooms Walls and Glass'!$A$3:$A$17,0), MATCH('Unit 1 a'!Y$7,'Rooms Walls and Glass'!$D$1:$AB$1,0)))) | Z15: =IF(Y15="","-",Y15*$G15) -> - | AA15: =IF(AA$7="","",IF(INDEX('Rooms Walls and Glass'!$D$3:$AB$17, MATCH($D15,'Rooms Walls and Glass'!$A$3:$A$17,0), MATCH('Unit 1 a'!AA$7,'Rooms Walls and Glass'!$D$1:$AB$1,0))=0,"",INDEX('Rooms Walls and Glass'!$D$3:$AB$17, MATCH($D15,'Rooms Walls and Glass'!$A$3:$A$17,0), MATCH('Unit 1 a'!AA$7,'Rooms Walls and Glass'!$D$1:$AB$1,0)))) -> 15 | AB15: =IF(AA15="","-",AA15*$G15) -> 393.3 | AC15: =IF(AC$7="","",IF(INDEX('Rooms Walls and Glass'!$D$3:$AB$17, MATCH($D15,'Rooms Walls and Glass'!$A$3:$A$17,0), MATCH('Unit 1 a'!AC$7,'Rooms Walls and Glass'!$D$1:$AB$1,0))=0,"",INDEX('Rooms Walls and Glass'!$D$3:$AB$17, MATCH($D15,'Rooms Walls and Glass'!$A$3:$A$17,0), MATCH('Unit 1 a'!AC$7,'Rooms Walls and Glass'!$D$1:$AB$1,0)))) | AD15: =IF(AC15="","-",AC15*$G15) -> - | AE15: =IF(AE$7="","",IF(INDEX('Rooms Walls and Glass'!$D$3:$AB$17, MATCH($D15,'Rooms Walls and Glass'!$A$3:$A$17,0), MATCH('Unit 1 a'!AE$7,'Rooms Walls and Glass'!$D$1:$AB$1,0))=0,"",INDEX('Rooms Walls and Glass'!$D$3:$AB$17, MATCH($D15,'Rooms Walls and Glass'!$A$3:$A$17,0), MATCH('Unit 1 a'!AE$7,'Rooms Walls and Glass'!$D$1:$AB$1,0)))) | AF15: =IF(AE15="","-",AE15*$G15) -> - | AG15: =IF(AG$7="","",IF(INDEX('Rooms Walls and Glass'!$D$3:$AB$17, MATCH($D15,'Rooms Walls and Glass'!$A$3:$A$17,0), MATCH('Unit 1 a'!AG$7,'Rooms Walls and Glass'!$D$1:$AB$1,0))=0,"",INDEX('Rooms Walls and Glass'!$D$3:$AB$17, MATCH($D15,'Rooms Walls and Glass'!$A$3:$A$17,0), MATCH('Unit 1 a'!AG$7,'Rooms Walls and Glass'!$D$1:$AB$1,0)))) | AH15: =IF(AG15="","-",AG15*$G15) -> - | AI15: =IF(AI$7="","",IF(INDEX('Rooms Walls and Glass'!$D$3:$AB$17, MATCH($D15,'Rooms Walls and Glass'!$A$3:$A$17,0), MATCH('Unit 1 a'!AI$7,'Rooms Walls and Glass'!$D$1:$AB$1,0))=0,"",INDEX('Rooms Walls and Glass'!$D$3:$AB$17, MATCH($D15,'Rooms Walls and Glass'!$A$3:$A$17,0), MATCH('Unit 1 a'!AI$7,'Rooms Walls and Glass'!$D$1:$AB$1,0)))) | AJ15: =IF(AI15="","-",AI15*$G15) -> - | AK15: =IF(AK$7="","",IF(INDEX('Rooms Walls and Glass'!$D$3:$AB$17, MATCH($D15,'Rooms Walls and Glass'!$A$3:$A$17,0), MATCH('Unit 1 a'!AK$7,'Rooms Walls and Glass'!$D$1:$AB$1,0))=0,"",INDEX('Rooms Walls and Glass'!$D$3:$AB$17, MATCH($D15,'Rooms Walls and Glass'!$A$3:$A$17,0), MATCH('Unit 1 a'!AK$7,'Rooms Walls and Glass'!$D$1:$AB$1,0)))) | AL15: =IF(AK15="","-",AK15*$G15) -> - | AM15: =IF(AM$7="","",IF(INDEX('Rooms Walls and Glass'!$D$3:$AB$17, MATCH($D15,'Rooms Walls and Glass'!$A$3:$A$17,0), MATCH('Unit 1 a'!AM$7,'Rooms Walls and Glass'!$D$1:$AB$1,0))=0,"",INDEX('Rooms Walls and Glass'!$D$3:$AB$17, MATCH($D15,'Rooms Walls and Glass'!$A$3:$A$17,0), MATCH('Unit 1 a'!AM$7,'Rooms Walls and Glass'!$D$1:$AB$1,0)))) | AN15: =IF(AM15="","-",AM15*$G15) -> - | AO15: =IF(AO$7="","",IF(INDEX('Rooms Walls and Glass'!$D$3:$AB$17, MATCH($D15,'Rooms Walls and Glass'!$A$3:$A$17,0), MATCH('Unit 1 a'!AO$7,'Rooms Walls and Glass'!$D$1:$AB$1,0))=0,"",INDEX('Rooms Walls and Glass'!$D$3:$AB$17, MATCH($D15,'Rooms Walls and Glass'!$A$3:$A$17,0), MATCH('Unit 1 a'!AO$7,'Rooms Walls and Glass'!$D$1:$AB$1,0)))) | AP15: =IF(AO15="","-",AO15*$G15) -> -
C16: G1 | D16: ='Rooms Walls and Glass'!A15 -> West | F16: (NE) | G16: =INDEX('Glass CLF Calculation'!$A$4:$G$11,MATCH('Unit 1 a'!D16,'Glass CLF Calculation'!$A$4:$A$11,0),7) -> 29.197724 | H16: Btu/hr-sf | I16: =SUM(K16,M16,O16,Q16,U16,W16,Y16,AA16,AC16,AE16,AG16,AI16,S16,AK16,AM16,AO16) -> 0 | J16: =IF(I16="","-",I16*$G16) -> 0 | K16: =IF(K$7="","",IF(INDEX('Rooms Walls and Glass'!$D$3:$AB$17, MATCH($D16,'Rooms Walls and Glass'!$A$3:$A$17,0), MATCH('Unit 1 a'!K$7,'Rooms Walls and Glass'!$D$1:$AB$1,0))=0,"",INDEX('Rooms Walls and Glass'!$D$3:$AB$17, MATCH($D16,'Rooms Walls and Glass'!$A$3:$A$17,0), MATCH('Unit 1 a'!K$7,'Rooms Walls and Glass'!$D$1:$AB$1,0)))) | L16: =IF(K16="","-",K16*$G16) -> - | M16: =IF(M$7="","",IF(INDEX('Rooms Walls and Glass'!$D$3:$AB$17, MATCH($D16,'Rooms Walls and Glass'!$A$3:$A$17,0), MATCH('Unit 1 a'!M$7,'Rooms Walls and Glass'!$D$1:$AB$1,0))=0,"",INDEX('Rooms Walls and Glass'!$D$3:$AB$17, MATCH($D16,'Rooms Walls and Glass'!$A$3:$A$17,0), MATCH('Unit 1 a'!M$7,'Rooms Walls and Glass'!$D$1:$AB$1,0)))) | N16: =IF(M16="","-",M16*$G16) -> - | O16: =IF(O$7="","",IF(INDEX('Rooms Walls and Glass'!$D$3:$AB$17, MATCH($D16,'Rooms Walls and Glass'!$A$3:$A$17,0), MATCH('Unit 1 a'!O$7,'Rooms Walls and Glass'!$D$1:$AB$1,0))=0,"",INDEX('Rooms Walls and Glass'!$D$3:$AB$17, MATCH($D16,'Rooms Walls and Glass'!$A$3:$A$17,0), MATCH('Unit 1 a'!O$7,'Rooms Walls and Glass'!$D$1:$AB$1,0)))) | P16: =IF(O16="","-",O16*$G16) -> - | Q16: =IF(Q$7="","",IF(INDEX('Rooms Walls and Glass'!$D$3:$AB$17, MATCH($D16,'Rooms Walls and Glass'!$A$3:$A$17,0), MATCH('Unit 1 a'!Q$7,'Rooms Walls and Glass'!$D$1:$AB$1,0))=0,"",INDEX('Rooms Walls and Glass'!$D$3:$AB$17, MATCH($D16,'Rooms Walls and Glass'!$A$3:$A$17,0), MATCH('Unit 1 a'!Q$7,'Rooms Walls and Glass'!$D$1:$AB$1,0)))) | R16: =IF(Q16="","-",Q16*$G16) -> - | S16: =IF(S$7="","",IF(INDEX('Rooms Walls and Glass'!$D$3:$AB$17, MATCH($D16,'Rooms Walls and Glass'!$A$3:$A$17,0), MATCH('Unit 1 a'!S$7,'Rooms Walls and Glass'!$D$1:$AB$1,0))=0,"",INDEX('Rooms Walls and Glass'!$D$3:$AB$17, MATCH($D16,'Rooms Walls and Glass'!$A$3:$A$17,0), MATCH('Unit 1 a'!S$7,'Rooms Walls and Glass'!$D$1:$AB$1,0)))) | T16: =IF(S16="","-",S16*$G16) -> - | U16: =IF(U$7="","",IF(INDEX('Rooms Walls and Glass'!$D$3:$AB$17, MATCH($D16,'Rooms Walls and Glass'!$A$3:$A$17,0), MATCH('Unit 1 a'!U$7,'Rooms Walls and Glass'!$D$1:$AB$1,0))=0,"",INDEX('Rooms Walls and Glass'!$D$3:$AB$17, MATCH($D16,'Rooms Walls and Glass'!$A$3:$A$17,0), MATCH('Unit 1 a'!U$7,'Rooms Walls and Glass'!$D$1:$AB$1,0)))) | V16: =IF(U16="","-",U16*$G16) -> - | W16: =IF(W$7="","",IF(INDEX('Rooms Walls and Glass'!$D$3:$AB$17, MATCH($D16,'Rooms Walls and Glass'!$A$3:$A$17,0), MATCH('Unit 1 a'!W$7,'Rooms Walls and Glass'!$D$1:$AB$1,0))=0,"",INDEX('Rooms Walls and Glass'!$D$3:$AB$17, MATCH($D16,'Rooms Walls and Glass'!$A$3:$A$17,0), MATCH('Unit 1 a'!W$7,'Rooms Walls and Glass'!$D$1:$AB$1,0)))) | X16: =IF(W16="","-",W16*$G16) -> - | Y16: =IF(Y$7="","",IF(INDEX('Rooms Walls and Glass'!$D$3:$AB$17, MATCH($D16,'Rooms Walls and Glass'!$A$3:$A$17,0), MATCH('Unit 1 a'!Y$7,'Rooms Walls and Glass'!$D$1:$AB$1,0))=0,"",INDEX('Rooms Walls and Glass'!$D$3:$AB$17, MATCH($D16,'Rooms Walls and Glass'!$A$3:$A$17,0), MATCH('Unit 1 a'!Y$7,'Rooms Walls and Glass'!$D$1:$AB$1,0)))) | Z16: =IF(Y16="","-",Y16*$G16) -> - | AA16: =IF(AA$7="","",IF(INDEX('Rooms Walls and Glass'!$D$3:$AB$17, MATCH($D16,'Rooms Walls and Glass'!$A$3:$A$17,0), MATCH('Unit 1 a'!AA$7,'Rooms Walls and Glass'!$D$1:$AB$1,0))=0,"",INDEX('Rooms Walls and Glass'!$D$3:$AB$17, MATCH($D16,'Rooms Walls and Glass'!$A$3:$A$17,0), MATCH('Unit 1 a'!AA$7,'Rooms Walls and Glass'!$D$1:$AB$1,0)))) | AB16: =IF(AA16="","-",AA16*$G16) -> - | AC16: =IF(AC$7="","",IF(INDEX('Rooms Walls and Glass'!$D$3:$AB$17, MATCH($D16,'Rooms Walls and Glass'!$A$3:$A$17,0), MATCH('Unit 1 a'!AC$7,'Rooms Walls and Glass'!$D$1:$AB$1,0))=0,"",INDEX('Rooms Walls and Glass'!$D$3:$AB$17, MATCH($D16,'Rooms Walls and Glass'!$A$3:$A$17,0), MATCH('Unit 1 a'!AC$7,'Rooms Walls and Glass'!$D$1:$AB$1,0)))) | AD16: =IF(AC16="","-",AC16*$G16) -> - | AE16: =IF(AE$7="","",IF(INDEX('Rooms Walls and Glass'!$D$3:$AB$17, MATCH($D16,'Rooms Walls and Glass'!$A$3:$A$17,0), MATCH('Unit 1 a'!AE$7,'Rooms Walls and Glass'!$D$1:$AB$1,0))=0,"",INDEX('Rooms Walls and Glass'!$D$3:$AB$17, MATCH($D16,'Rooms Walls and Glass'!$A$3:$A$17,0), MATCH('Unit 1 a'!AE$7,'Rooms Walls and Glass'!$D$1:$AB$1,0)))) | AF16: =IF(AE16="","-",AE16*$G16) -> - | AG16: =IF(AG$7="","",IF(INDEX('Rooms Walls and Glass'!$D$3:$AB$17, MATCH($D16,'Rooms Walls and Glass'!$A$3:$A$17,0), MATCH('Unit 1 a'!AG$7,'Rooms Walls and Glass'!$D$1:$AB$1,0))=0,"",INDEX('Rooms Walls and Glass'!$D$3:$AB$17, MATCH($D16,'Rooms Walls and Glass'!$A$3:$A$17,0), MATCH('Unit 1 a'!AG$7,'Rooms Walls and Glass'!$D$1:$AB$1,0)))) | AH16: =IF(AG16="","-",AG16*$G16) -> - | AI16: =IF(AI$7="","",IF(INDEX('Rooms Walls and Glass'!$D$3:$AB$17, MATCH($D16,'Rooms Walls and Glass'!$A$3:$A$17,0), MATCH('Unit 1 a'!AI$7,'Rooms Walls and Glass'!$D$1:$AB$1,0))=0,"",INDEX('Rooms Walls and Glass'!$D$3:$AB$17, MATCH($D16,'Rooms Walls and Glass'!$A$3:$A$17,0), MATCH('Unit 1 a'!AI$7,'Rooms Walls and Glass'!$D$1:$AB$1,0)))) | AJ16: =IF(AI16="","-",AI16*$G16) -> - | AK16: =IF(AK$7="","",IF(INDEX('Rooms Walls and Glass'!$D$3:$AB$17, MATCH($D16,'Rooms Walls and Glass'!$A$3:$A$17,0), MATCH('Unit 1 a'!AK$7,'Rooms Walls and Glass'!$D$1:$AB$1,0))=0,"",INDEX('Rooms Walls and Glass'!$D$3:$AB$17, MATCH($D16,'Rooms Walls and Glass'!$A$3:$A$17,0), MATCH('Unit 1 a'!AK$7,'Rooms Walls and Glass'!$D$1:$AB$1,0)))) | AL16: =IF(AK16="","-",AK16*$G16) -> - | AM16: =IF(AM$7="","",IF(INDEX('Rooms Walls and Glass'!$D$3:$AB$17, MATCH($D16,'Rooms Walls and Glass'!$A$3:$A$17,0), MATCH('Unit 1 a'!AM$7,'Rooms Walls and Glass'!$D$1:$AB$1,0))=0,"",INDEX('Rooms Walls and Glass'!$D$3:$AB$17, MATCH($D16,'Rooms Walls and Glass'!$A$3:$A$17,0), MATCH('Unit 1 a'!AM$7,'Rooms Walls and Glass'!$D$1:$AB$1,0)))) | AN16: =IF(AM16="","-",AM16*$G16) -> - | AO16: =IF(AO$7="","",IF(INDEX('Rooms Walls and Glass'!$D$3:$AB$17, MATCH($D16,'Rooms Walls and Glass'!$A$3:$A$17,0), MATCH('Unit 1 a'!AO$7,'Rooms Walls and Glass'!$D$1:$AB$1,0))=0,"",INDEX('Rooms Walls and Glass'!$D$3:$AB$17, MATCH($D16,'Rooms Walls and Glass'!$A$3:$A$17,0), MATCH('Unit 1 a'!AO$7,'Rooms Walls and Glass'!$D$1:$AB$1,0)))) | AP16: =IF(AO16="","-",AO16*$G16) -> -
C17: G1 | D17: ='Rooms Walls and Glass'!A16 -> Sky Light | G17: 40 | H17: Btu/hr-sf | I17: =SUM(K17,M17,O17,Q17,U17,W17,Y17,AA17,AC17,AE17,AG17,AI17,S17,AK17,AM17,AO17) -> 0 | J17: =IF(I17="","-",I17*$G17) -> 0 | K17: =IF(K$7="","",IF(INDEX('Rooms Walls and Glass'!$D$3:$AB$17, MATCH($D17,'Rooms Walls and Glass'!$A$3:$A$17,0), MATCH('Unit 1 a'!K$7,'Rooms Walls and Glass'!$D$1:$AB$1,0))=0,"",INDEX('Rooms Walls and Glass'!$D$3:$AB$17, MATCH($D17,'Rooms Walls and Glass'!$A$3:$A$17,0), MATCH('Unit 1 a'!K$7,'Rooms Walls and Glass'!$D$1:$AB$1,0)))) | L17: =IF(K17="","-",K17*$G17) -> - | M17: =IF(M$7="","",IF(INDEX('Rooms Walls and Glass'!$D$3:$AB$17, MATCH($D17,'Rooms Walls and Glass'!$A$3:$A$17,0), MATCH('Unit 1 a'!M$7,'Rooms Walls and Glass'!$D$1:$AB$1,0))=0,"",INDEX('Rooms Walls and Glass'!$D$3:$AB$17, MATCH($D17,'Rooms Walls and Glass'!$A$3:$A$17,0), MATCH('Unit 1 a'!M$7,'Rooms Walls and Glass'!$D$1:$AB$1,0)))) | N17: =IF(M17="","-",M17*$G17) -> - | O17: =IF(O$7="","",IF(INDEX('Rooms Walls and Glass'!$D$3:$AB$17, MATCH($D17,'Rooms Walls and Glass'!$A$3:$A$17,0), MATCH('Unit 1 a'!O$7,'Rooms Walls and Glass'!$D$1:$AB$1,0))=0,"",INDEX('Rooms Walls and Glass'!$D$3:$AB$17, MATCH($D17,'Rooms Walls and Glass'!$A$3:$A$17,0), MATCH('Unit 1 a'!O$7,'Rooms Walls and Glass'!$D$1:$AB$1,0)))) | P17: =IF(O17="","-",O17*$G17) -> - | Q17: =IF(Q$7="","",IF(INDEX('Rooms Walls and Glass'!$D$3:$AB$17, MATCH($D17,'Rooms Walls and Glass'!$A$3:$A$17,0), MATCH('Unit 1 a'!Q$7,'Rooms Walls and Glass'!$D$1:$AB$1,0))=0,"",INDEX('Rooms Walls and Glass'!$D$3:$AB$17, MATCH($D17,'Rooms Walls and Glass'!$A$3:$A$17,0), MATCH('Unit 1 a'!Q$7,'Rooms Walls and Glass'!$D$1:$AB$1,0)))) | R17: =IF(Q17="","-",Q17*$G17) -> - | S17: =IF(S$7="","",IF(INDEX('Rooms Walls and Glass'!$D$3:$AB$17, MATCH($D17,'Rooms Walls and Glass'!$A$3:$A$17,0), MATCH('Unit 1 a'!S$7,'Rooms Walls and Glass'!$D$1:$AB$1,0))=0,"",INDEX('Rooms Walls and Glass'!$D$3:$AB$17, MATCH($D17,'Rooms Walls and Glass'!$A$3:$A$17,0), MATCH('Unit 1 a'!S$7,'Rooms Walls and Glass'!$D$1:$AB$1,0)))) | T17: =IF(S17="","-",S17*$G17) -> - | U17: =IF(U$7="","",IF(INDEX('Rooms Walls and Glass'!$D$3:$AB$17, MATCH($D17,'Rooms Walls and Glass'!$A$3:$A$17,0), MATCH('Unit 1 a'!U$7,'Rooms Walls and Glass'!$D$1:$AB$1,0))=0,"",INDEX('Rooms Walls and Glass'!$D$3:$AB$17, MATCH($D17,'Rooms Walls and Glass'!$A$3:$A$17,0), MATCH('Unit 1 a'!U$7,'Rooms Walls and Glass'!$D$1:$AB$1,0)))) | V17: =IF(U17="","-",U17*$G17) -> - | W17: =IF(W$7="","",IF(INDEX('Rooms Walls and Glass'!$D$3:$AB$17, MATCH($D17,'Rooms Walls and Glass'!$A$3:$A$17,0), MATCH('Unit 1 a'!W$7,'Rooms Walls and Glass'!$D$1:$AB$1,0))=0,"",INDEX('Rooms Walls and Glass'!$D$3:$AB$17, MATCH($D17,'Rooms Walls and Glass'!$A$3:$A$17,0), MATCH('Unit 1 a'!W$7,'Rooms Walls and Glass'!$D$1:$AB$1,0)))) | X17: =IF(W17="","-",W17*$G17) -> - | Y17: =IF(Y$7="","",IF(INDEX('Rooms Walls and Glass'!$D$3:$AB$17, MATCH($D17,'Rooms Walls and Glass'!$A$3:$A$17,0), MATCH('Unit 1 a'!Y$7,'Rooms Walls and Glass'!$D$1:$AB$1,0))=0,"",INDEX('Rooms Walls and Glass'!$D$3:$AB$17, MATCH($D17,'Rooms Walls and Glass'!$A$3:$A$17,0), MATCH('Unit 1 a'!Y$7,'Rooms Walls and Glass'!$D$1:$AB$1,0)))) | Z17: =IF(Y17="","-",Y17*$G17) -> - | AA17: =IF(AA$7="","",IF(INDEX('Rooms Walls and Glass'!$D$3:$AB$17, MATCH($D17,'Rooms Walls and Glass'!$A$3:$A$17,0), MATCH('Unit 1 a'!AA$7,'Rooms Walls and Glass'!$D$1:$AB$1,0))=0,"",INDEX('Rooms Walls and Glass'!$D$3:$AB$17, MATCH($D17,'Rooms Walls and Glass'!$A$3:$A$17,0), MATCH('Unit 1 a'!AA$7,'Rooms Walls and Glass'!$D$1:$AB$1,0)))) | AB17: =IF(AA17="","-",AA17*$G17) -> - | AC17: =IF(AC$7="","",IF(INDEX('Rooms Walls and Glass'!$D$3:$AB$17, MATCH($D17,'Rooms Walls and Glass'!$A$3:$A$17,0), MATCH('Unit 1 a'!AC$7,'Rooms Walls and Glass'!$D$1:$AB$1,0))=0,"",INDEX('Rooms Walls and Glass'!$D$3:$AB$17, MATCH($D17,'Rooms Walls and Glass'!$A$3:$A$17,0), MATCH('Unit 1 a'!AC$7,'Rooms Walls and Glass'!$D$1:$AB$1,0)))) | AD17: =IF(AC17="","-",AC17*$G17) -> - | AE17: =IF(AE$7="","",IF(INDEX('Rooms Walls and Glass'!$D$3:$AB$17, MATCH($D17,'Rooms Walls and Glass'!$A$3:$A$17,0), MATCH('Unit 1 a'!AE$7,'Rooms Walls and Glass'!$D$1:$AB$1,0))=0,"",INDEX('Rooms Walls and Glass'!$D$3:$AB$17, MATCH($D17,'Rooms Walls and Glass'!$A$3:$A$17,0), MATCH('Unit 1 a'!AE$7,'Rooms Walls and Glass'!$D$1:$AB$1,0)))) | AF17: =IF(AE17="","-",AE17*$G17) -> - | AG17: =IF(AG$7="","",IF(INDEX('Rooms Walls and Glass'!$D$3:$AB$17, MATCH($D17,'Rooms Walls and Glass'!$A$3:$A$17,0), MATCH('Unit 1 a'!AG$7,'Rooms Walls and Glass'!$D$1:$AB$1,0))=0,"",INDEX('Rooms Walls and Glass'!$D$3:$AB$17, MATCH($D17,'Rooms Walls and Glass'!$A$3:$A$17,0), MATCH('Unit 1 a'!AG$7,'Rooms Walls and Glass'!$D$1:$AB$1,0)))) | AH17: =IF(AG17="","-",AG17*$G17) -> - | AI17: =IF(AI$7="","",IF(INDEX('Rooms Walls and Glass'!$D$3:$AB$17, MATCH($D17,'Rooms Walls and Glass'!$A$3:$A$17,0), MATCH('Unit 1 a'!AI$7,'Rooms Walls and Glass'!$D$1:$AB$1,0))=0,"",INDEX('Rooms Walls and Glass'!$D$3:$AB$17, MATCH($D17,'Rooms Walls and Glass'!$A$3:$A$17,0), MATCH('Unit 1 a'!AI$7,'Rooms Walls and Glass'!$D$1:$AB$1,0)))) | AJ17: =IF(AI17="","-",AI17*$G17) -> - | AK17: =IF(AK$7="","",IF(INDEX('Rooms Walls and Glass'!$D$3:$AB$17, MATCH($D17,'Rooms Walls and Glass'!$A$3:$A$17,0), MATCH('Unit 1 a'!AK$7,'Rooms Walls and Glass'!$D$1:$AB$1,0))=0,"",INDEX('Rooms Walls and Glass'!$D$3:$AB$17, MATCH($D17,'Rooms Walls and Glass'!$A$3:$A$17,0), MATCH('Unit 1 a'!AK$7,'Rooms Walls and Glass'!$D$1:$AB$1,0)))) | AL17: =IF(AK17="","-",AK17*$G17) -> - | AM17: =IF(AM$7="","",IF(INDEX('Rooms Walls and Glass'!$D$3:$AB$17, MATCH($D17,'Rooms Walls and Glass'!$A$3:$A$17,0), MATCH('Unit 1 a'!AM$7,'Rooms Walls and Glass'!$D$1:$AB$1,0))=0,"",INDEX('Rooms Walls and Glass'!$D$3:$AB$17, MATCH($D17,'Rooms Walls and Glass'!$A$3:$A$17,0), MATCH('Unit 1 a'!AM$7,'Rooms Walls and Glass'!$D$1:$AB$1,0)))) | AN17: =IF(AM17="","-",AM17*$G17) -> - | AO17: =IF(AO$7="","",IF(INDEX('Rooms Walls and Glass'!$D$3:$AB$17, MATCH($D17,'Rooms Walls and Glass'!$A$3:$A$17,0), MATCH('Unit 1 a'!AO$7,'Rooms Walls and Glass'!$D$1:$AB$1,0))=0,"",INDEX('Rooms Walls and Glass'!$D$3:$AB$17, MATCH($D17,'Rooms Walls and Glass'!$A$3:$A$17,0), MATCH('Unit 1 a'!AO$7,'Rooms Walls and Glass'!$D$1:$AB$1,0)))) | AP17: =IF(AO17="","-",AO17*$G17) -> -
C18: G1 | D18: ='Rooms Walls and Glass'!A17 -> Shaded | G18: ='Glass CLF Calculation'!G5 -> 6.2012662 | H18: Btu/hr-sf | I18: =SUM(K18,M18,O18,Q18,U18,W18,Y18,AA18,AC18,AE18,AG18,AI18,S18,AK18,AM18,AO18) -> 0 | J18: =IF(I18="","-",I18*$G18) -> 0 | K18: =IF(K$7="","",IF(INDEX('Rooms Walls and Glass'!$D$3:$AB$17, MATCH($D18,'Rooms Walls and Glass'!$A$3:$A$17,0), MATCH('Unit 1 a'!K$7,'Rooms Walls and Glass'!$D$1:$AB$1,0))=0,"",INDEX('Rooms Walls and Glass'!$D$3:$AB$17, MATCH($D18,'Rooms Walls and Glass'!$A$3:$A$17,0), MATCH('Unit 1 a'!K$7,'Rooms Walls and Glass'!$D$1:$AB$1,0)))) | L18: =IF(K18="","-",K18*$G18) -> - | M18: =IF(M$7="","",IF(INDEX('Rooms Walls and Glass'!$D$3:$AB$17, MATCH($D18,'Rooms Walls and Glass'!$A$3:$A$17,0), MATCH('Unit 1 a'!M$7,'Rooms Walls and Glass'!$D$1:$AB$1,0))=0,"",INDEX('Rooms Walls and Glass'!$D$3:$AB$17, MATCH($D18,'Rooms Walls and Glass'!$A$3:$A$17,0), MATCH('Unit 1 a'!M$7,'Rooms Walls and Glass'!$D$1:$AB$1,0)))) | N18: =IF(M18="","-",M18*$G18) -> - | O18: =IF(O$7="","",IF(INDEX('Rooms Walls and Glass'!$D$3:$AB$17, MATCH($D18,'Rooms Walls and Glass'!$A$3:$A$17,0), MATCH('Unit 1 a'!O$7,'Rooms Walls and Glass'!$D$1:$AB$1,0))=0,"",INDEX('Rooms Walls and Glass'!$D$3:$AB$17, MATCH($D18,'Rooms Walls and Glass'!$A$3:$A$17,0), MATCH('Unit 1 a'!O$7,'Rooms Walls and Glass'!$D$1:$AB$1,0)))) | P18: =IF(O18="","-",O18*$G18) -> - | Q18: =IF(Q$7="","",IF(INDEX('Rooms Walls and Glass'!$D$3:$AB$17, MATCH($D18,'Rooms Walls and Glass'!$A$3:$A$17,0), MATCH('Unit 1 a'!Q$7,'Rooms Walls and Glass'!$D$1:$AB$1,0))=0,"",INDEX('Rooms Walls and Glass'!$D$3:$AB$17, MATCH($D18,'Rooms Walls and Glass'!$A$3:$A$17,0), MATCH('Unit 1 a'!Q$7,'Rooms Walls and Glass'!$D$1:$AB$1,0)))) | R18: =IF(Q18="","-",Q18*$G18) -> - | S18: =IF(S$7="","",IF(INDEX('Rooms Walls and Glass'!$D$3:$AB$17, MATCH($D18,'Rooms Walls and Glass'!$A$3:$A$17,0), MATCH('Unit 1 a'!S$7,'Rooms Walls and Glass'!$D$1:$AB$1,0))=0,"",INDEX('Rooms Walls and Glass'!$D$3:$AB$17, MATCH($D18,'Rooms Walls and Glass'!$A$3:$A$17,0), MATCH('Unit 1 a'!S$7,'Rooms Walls and Glass'!$D$1:$AB$1,0)))) | T18: =IF(S18="","-",S18*$G18) -> - | U18: =IF(U$7="","",IF(INDEX('Rooms Walls and Glass'!$D$3:$AB$17, MATCH($D18,'Rooms Walls and Glass'!$A$3:$A$17,0), MATCH('Unit 1 a'!U$7,'Rooms Walls and Glass'!$D$1:$AB$1,0))=0,"",INDEX('Rooms Walls and Glass'!$D$3:$AB$17, MATCH($D18,'Rooms Walls and Glass'!$A$3:$A$17,0), MATCH('Unit 1 a'!U$7,'Rooms Walls and Glass'!$D$1:$AB$1,0)))) | V18: =IF(U18="","-",U18*$G18) -> - | W18: =IF(W$7="","",IF(INDEX('Rooms Walls and Glass'!$D$3:$AB$17, MATCH($D18,'Rooms Walls and Glass'!$A$3:$A$17,0), MATCH('Unit 1 a'!W$7,'Rooms Walls and Glass'!$D$1:$AB$1,0))=0,"",INDEX('Rooms Walls and Glass'!$D$3:$AB$17, MATCH($D18,'Rooms Walls and Glass'!$A$3:$A$17,0), MATCH('Unit 1 a'!W$7,'Rooms Walls and Glass'!$D$1:$AB$1,0)))) | X18: =IF(W18="","-",W18*$G18) -> - | Y18: =IF(Y$7="","",IF(INDEX('Rooms Walls and Glass'!$D$3:$AB$17, MATCH($D18,'Rooms Walls and Glass'!$A$3:$A$17,0), MATCH('Unit 1 a'!Y$7,'Rooms Walls and Glass'!$D$1:$AB$1,0))=0,"",INDEX('Rooms Walls and Glass'!$D$3:$AB$17, MATCH($D18,'Rooms Walls and Glass'!$A$3:$A$17,0), MATCH('Unit 1 a'!Y$7,'Rooms Walls and Glass'!$D$1:$AB$1,0)))) | Z18: =IF(Y18="","-",Y18*$G18) -> - | AA18: =IF(AA$7="","",IF(INDEX('Rooms Walls and Glass'!$D$3:$AB$17, MATCH($D18,'Rooms Walls and Glass'!$A$3:$A$17,0), MATCH('Unit 1 a'!AA$7,'Rooms Walls and Glass'!$D$1:$AB$1,0))=0,"",INDEX('Rooms Walls and Glass'!$D$3:$AB$17, MATCH($D18,'Rooms Walls and Glass'!$A$3:$A$17,0), MATCH('Unit 1 a'!AA$7,'Rooms Walls and Glass'!$D$1:$AB$1,0)))) | AB18: =IF(AA18="","-",AA18*$G18) -> - | AC18: =IF(AC$7="","",IF(INDEX('Rooms Walls and Glass'!$D$3:$AB$17, MATCH($D18,'Rooms Walls and Glass'!$A$3:$A$17,0), MATCH('Unit 1 a'!AC$7,'Rooms Walls and Glass'!$D$1:$AB$1,0))=0,"",INDEX('Rooms Walls and Glass'!$D$3:$AB$17, MATCH($D18,'Rooms Walls and Glass'!$A$3:$A$17,0), MATCH('Unit 1 a'!AC$7,'Rooms Walls and Glass'!$D$1:$AB$1,0)))) | AD18: =IF(AC18="","-",AC18*$G18) -> - | AE18: =IF(AE$7="","",IF(INDEX('Rooms Walls and Glass'!$D$3:$AB$17, MATCH($D18,'Rooms Walls and Glass'!$A$3:$A$17,0), MATCH('Unit 1 a'!AE$7,'Rooms Walls and Glass'!$D$1:$AB$1,0))=0,"",INDEX('Rooms Walls and Glass'!$D$3:$AB$17, MATCH($D18,'Rooms Walls and Glass'!$A$3:$A$17,0), MATCH('Unit 1 a'!AE$7,'Rooms Walls and Glass'!$D$1:$AB$1,0)))) | AF18: =IF(AE18="","-",AE18*$G18) -> - | AG18: =IF(AG$7="","",IF(INDEX('Rooms Walls and Glass'!$D$3:$AB$17, MATCH($D18,'Rooms Walls and Glass'!$A$3:$A$17,0), MATCH('Unit 1 a'!AG$7,'Rooms Walls and Glass'!$D$1:$AB$1,0))=0,"",INDEX('Rooms Walls and Glass'!$D$3:$AB$17, MATCH($D18,'Rooms Walls and Glass'!$A$3:$A$17,0), MATCH('Unit 1 a'!AG$7,'Rooms Walls and Glass'!$D$1:$AB$1,0)))) | AH18: =IF(AG18="","-",AG18*$G18) -> - | AI18: =IF(AI$7="","",IF(INDEX('Rooms Walls and Glass'!$D$3:$AB$17, MATCH($D18,'Rooms Walls and Glass'!$A$3:$A$17,0), MATCH('Unit 1 a'!AI$7,'Rooms Walls and Glass'!$D$1:$AB$1,0))=0,"",INDEX('Rooms Walls and Glass'!$D$3:$AB$17, MATCH($D18,'Rooms Walls and Glass'!$A$3:$A$17,0), MATCH('Unit 1 a'!AI$7,'Rooms Walls and Glass'!$D$1:$AB$1,0)))) | AJ18: =IF(AI18="","-",AI18*$G18) -> - | AK18: =IF(AK$7="","",IF(INDEX('Rooms Walls and Glass'!$D$3:$AB$17, MATCH($D18,'Rooms Walls and Glass'!$A$3:$A$17,0), MATCH('Unit 1 a'!AK$7,'Rooms Walls and Glass'!$D$1:$AB$1,0))=0,"",INDEX('Rooms Walls and Glass'!$D$3:$AB$17, MATCH($D18,'Rooms Walls and Glass'!$A$3:$A$17,0), MATCH('Unit 1 a'!AK$7,'Rooms Walls and Glass'!$D$1:$AB$1,0)))) | AL18: =IF(AK18="","-",AK18*$G18) -> - | AM18: =IF(AM$7="","",IF(INDEX('Rooms Walls and Glass'!$D$3:$AB$17, MATCH($D18,'Rooms Walls and Glass'!$A$3:$A$17,0), MATCH('Unit 1 a'!AM$7,'Rooms Walls and Glass'!$D$1:$AB$1,0))=0,"",INDEX('Rooms Walls and Glass'!$D$3:$AB$17, MATCH($D18,'Rooms Walls and Glass'!$A$3:$A$17,0), MATCH('Unit 1 a'!AM$7,'Rooms Walls and Glass'!$D$1:$AB$1,0)))) | AN18: =IF(AM18="","-",AM18*$G18) -> - | AO18: =IF(AO$7="","",IF(INDEX('Rooms Walls and Glass'!$D$3:$AB$17, MATCH($D18,'Rooms Walls and Glass'!$A$3:$A$17,0), MATCH('Unit 1 a'!AO$7,'Rooms Walls and Glass'!$D$1:$AB$1,0))=0,"",INDEX('Rooms Walls and Glass'!$D$3:$AB$17, MATCH($D18,'Rooms Walls and Glass'!$A$3:$A$17,0), MATCH('Unit 1 a'!AO$7,'Rooms Walls and Glass'!$D$1:$AB$1,0)))) | AP18: =IF(AO18="","-",AO18*$G18) -> -
B19: Door | C19: D1 | D19: Door 1 | E19: =INDEX('Glass CLF Calculation'!$A$17:$G$18,MATCH('Unit 1 a'!C19,'Glass CLF Calculation'!$A$17:$A$18,0),7) -> 21 | F19: =INDEX(Summary!$F$19:$F$30,MATCH('Unit 1 a'!C19,Summary!$D$19:$D$30,0)) -> 0.5 | G19: =F19*E19 -> 10.5 | H19: Btu/hr-sf | I19: =SUM(K19,M19,O19,Q19,U19,W19,Y19,AA19,AC19,AE19,AG19,AI19,S19,AK19,AM19,AO19) -> 0 | J19: =IF(I19="","-",I19*$G19) -> 0 | K19: =IF(K$7="","",IF(INDEX('Rooms Walls and Glass'!$D$8:$AB$19, MATCH($D19,'Rooms Walls and Glass'!$A$8:$A$19,0), MATCH('Unit 1 a'!K$7,'Rooms Walls and Glass'!$D$1:$AB$1,0))=0,"",INDEX('Rooms Walls and Glass'!$D$8:$AB$19, MATCH($D19,'Rooms Walls and Glass'!$A$8:$A$19,0), MATCH('Unit 1 a'!K$7,'Rooms Walls and Glass'!$D$1:$AB$1,0)))) | L19: =IF(K19="","-",K19*$G19) -> - | M19: =IF(M$7="","",IF(INDEX('Rooms Walls and Glass'!$D$8:$AB$19, MATCH($D19,'Rooms Walls and Glass'!$A$8:$A$19,0), MATCH('Unit 1 a'!M$7,'Rooms Walls and Glass'!$D$1:$AB$1,0))=0,"",INDEX('Rooms Walls and Glass'!$D$8:$AB$19, MATCH($D19,'Rooms Walls and Glass'!$A$8:$A$19,0), MATCH('Unit 1 a'!M$7,'Rooms Walls and Glass'!$D$1:$AB$1,0)))) | N19: =IF(M19="","-",M19*$G19) -> - | O19: =IF(O$7="","",IF(INDEX('Rooms Walls and Glass'!$D$8:$AB$19, MATCH($D19,'Rooms Walls and Glass'!$A$8:$A$19,0), MATCH('Unit 1 a'!O$7,'Rooms Walls and Glass'!$D$1:$AB$1,0))=0,"",INDEX('Rooms Walls and Glass'!$D$8:$AB$19, MATCH($D19,'Rooms Walls and Glass'!$A$8:$A$19,0), MATCH('Unit 1 a'!O$7,'Rooms Walls and Glass'!$D$1:$AB$1,0)))) | P19: =IF(O19="","-",O19*$G19) -> - | Q19: =IF(Q$7="","",IF(INDEX('Rooms Walls and Glass'!$D$8:$AB$19, MATCH($D19,'Rooms Walls and Glass'!$A$8:$A$19,0), MATCH('Unit 1 a'!Q$7,'Rooms Walls and Glass'!$D$1:$AB$1,0))=0,"",INDEX('Rooms Walls and Glass'!$D$8:$AB$19, MATCH($D19,'Rooms Walls and Glass'!$A$8:$A$19,0), MATCH('Unit 1 a'!Q$7,'Rooms Walls and Glass'!$D$1:$AB$1,0)))) | R19: =IF(Q19="","-",Q19*$G19) -> - | S19: =IF(S$7="","",IF(INDEX('Rooms Walls and Glass'!$D$8:$AB$19, MATCH($D19,'Rooms Walls and Glass'!$A$8:$A$19,0), MATCH('Unit 1 a'!S$7,'Rooms Walls and Glass'!$D$1:$AB$1,0))=0,"",INDEX('Rooms Walls and Glass'!$D$8:$AB$19, MATCH($D19,'Rooms Walls and Glass'!$A$8:$A$19,0), MATCH('Unit 1 a'!S$7,'Rooms Walls and Glass'!$D$1:$AB$1,0)))) | T19: =IF(S19="","-",S19*$G19) -> - | U19: =IF(U$7="","",IF(INDEX('Rooms Walls and Glass'!$D$8:$AB$19, MATCH($D19,'Rooms Walls and Glass'!$A$8:$A$19,0), MATCH('Unit 1 a'!U$7,'Rooms Walls and Glass'!$D$1:$AB$1,0))=0,"",INDEX('Rooms Walls and Glass'!$D$8:$AB$19, MATCH($D19,'Rooms Walls and Glass'!$A$8:$A$19,0), MATCH('Unit 1 a'!U$7,'Rooms Walls and Glass'!$D$1:$AB$1,0)))) | V19: =IF(U19="","-",U19*$G19) -> - | W19: =IF(W$7="","",IF(INDEX('Rooms Walls and Glass'!$D$8:$AB$19, MATCH($D19,'Rooms Walls and Glass'!$A$8:$A$19,0), MATCH('Unit 1 a'!W$7,'Rooms Walls and Glass'!$D$1:$AB$1,0))=0,"",INDEX('Rooms Walls and Glass'!$D$8:$AB$19, MATCH($D19,'Rooms Walls and Glass'!$A$8:$A$19,0), MATCH('Unit 1 a'!W$7,'Rooms Walls and Glass'!$D$1:$AB$1,0)))) | X19: =IF(W19="","-",W19*$G19) -> - | Y19: =IF(Y$7="","",IF(INDEX('Rooms Walls and Glass'!$D$8:$AB$19, MATCH($D19,'Rooms Walls and Glass'!$A$8:$A$19,0), MATCH('Unit 1 a'!Y$7,'Rooms Walls and Glass'!$D$1:$AB$1,0))=0,"",INDEX('Rooms Walls and Glass'!$D$8:$AB$19, MATCH($D19,'Rooms Walls and Glass'!$A$8:$A$19,0), MATCH('Unit 1 a'!Y$7,'Rooms Walls and Glass'!$D$1:$AB$1,0)))) | Z19: =IF(Y19="","-",Y19*$G19) -> - | AA19: =IF(AA$7="","",IF(INDEX('Rooms Walls and Glass'!$D$8:$AB$19, MATCH($D19,'Rooms Walls and Glass'!$A$8:$A$19,0), MATCH('Unit 1 a'!AA$7,'Rooms Walls and Glass'!$D$1:$AB$1,0))=0,"",INDEX('Rooms Walls and Glass'!$D$8:$AB$19, MATCH($D19,'Rooms Walls and Glass'!$A$8:$A$19,0), MATCH('Unit 1 a'!AA$7,'Rooms Walls and Glass'!$D$1:$AB$1,0)))) | AB19: =IF(AA19="","-",AA19*$G19) -> - | AC19: =IF(AC$7="","",IF(INDEX('Rooms Walls and Glass'!$D$8:$AB$19, MATCH($D19,'Rooms Walls and Glass'!$A$8:$A$19,0), MATCH('Unit 1 a'!AC$7,'Rooms Walls and Glass'!$D$1:$AB$1,0))=0,"",INDEX('Rooms Walls and Glass'!$D$8:$AB$19, MATCH($D19,'Rooms Walls and Glass'!$A$8:$A$19,0), MATCH('Unit 1 a'!AC$7,'Rooms Walls and Glass'!$D$1:$AB$1,0)))) | AD19: =IF(AC19="","-",AC19*$G19) -> - | AE19: =IF(AE$7="","",IF(INDEX('Rooms Walls and Glass'!$D$8:$AB$19, MATCH($D19,'Rooms Walls and Glass'!$A$8:$A$19,0), MATCH('Unit 1 a'!AE$7,'Rooms Walls and Glass'!$D$1:$AB$1,0))=0,"",INDEX('Rooms Walls and Glass'!$D$8:$AB$19, MATCH($D19,'Rooms Walls and Glass'!$A$8:$A$19,0), MATCH('Unit 1 a'!AE$7,'Rooms Walls and Glass'!$D$1:$AB$1,0)))) | AF19: =IF(AE19="","-",AE19*$G19) -> - | AG19: =IF(AG$7="","",IF(INDEX('Rooms Walls and Glass'!$D$8:$AB$19, MATCH($D19,'Rooms Walls and Glass'!$A$8:$A$19,0), MATCH('Unit 1 a'!AG$7,'Rooms Walls and Glass'!$D$1:$AB$1,0))=0,"",INDEX('Rooms Walls and Glass'!$D$8:$AB$19, MATCH($D19,'Rooms Walls and Glass'!$A$8:$A$19,0), MATCH('Unit 1 a'!AG$7,'Rooms Walls and Glass'!$D$1:$AB$1,0)))) | AH19: =IF(AG19="","-",AG19*$G19) -> - | AI19: =IF(AI$7="","",IF(INDEX('Rooms Walls and Glass'!$D$8:$AB$19, MATCH($D19,'Rooms Walls and Glass'!$A$8:$A$19,0), MATCH('Unit 1 a'!AI$7,'Rooms Walls and Glass'!$D$1:$AB$1,0))=0,"",INDEX('Rooms Walls and Glass'!$D$8:$AB$19, MATCH($D19,'Rooms Walls and Glass'!$A$8:$A$19,0), MATCH('Unit 1 a'!AI$7,'Rooms Walls and Glass'!$D$1:$AB$1,0)))) | AJ19: =IF(AI19="","-",AI19*$G19) -> - | AK19: =IF(AK$7="","",IF(INDEX('Rooms Walls and Glass'!$D$8:$AB$19, MATCH($D19,'Rooms Walls and Glass'!$A$8:$A$19,0), MATCH('Unit 1 a'!AK$7,'Rooms Walls and Glass'!$D$1:$AB$1,0))=0,"",INDEX('Rooms Walls and Glass'!$D$8:$AB$19, MATCH($D19,'Rooms Walls and Glass'!$A$8:$A$19,0), MATCH('Unit 1 a'!AK$7,'Rooms Walls and Glass'!$D$1:$AB$1,0)))) | AL19: =IF(AK19="","-",AK19*$G19) -> - | AM19: =IF(AM$7="","",IF(INDEX('Rooms Walls and Glass'!$D$8:$AB$19, MATCH($D19,'Rooms Walls and Glass'!$A$8:$A$19,0), MATCH('Unit 1 a'!AM$7,'Rooms Walls and Glass'!$D$1:$AB$1,0))=0,"",INDEX('Rooms Walls and Glass'!$D$8:$AB$19, MATCH($D19,'Rooms Walls and Glass'!$A$8:$A$19,0), MATCH('Unit 1 a'!AM$7,'Rooms Walls and Glass'!$D$1:$AB$1,0)))) | AN19: =IF(AM19="","-",AM19*$G19) -> - | AO19: =IF(AO$7="","",IF(INDEX('Rooms Walls and Glass'!$D$8:$AB$19, MATCH($D19,'Rooms Walls and Glass'!$A$8:$A$19,0), MATCH('Unit 1 a'!AO$7,'Rooms Walls and Glass'!$D$1:$AB$1,0))=0,"",INDEX('Rooms Walls and Glass'!$D$8:$AB$19, MATCH($D19,'Rooms Walls and Glass'!$A$8:$A$19,0), MATCH('Unit 1 a'!AO$7,'Rooms Walls and Glass'!$D$1:$AB$1,0)))) | AP19: =IF(AO19="","-",AO19*$G19) -> -
C20: D2 | D20: Door 2 | E20: =INDEX('Glass CLF Calculation'!$A$17:$G$18,MATCH('Unit 1 a'!C20,'Glass CLF Calculation'!$A$17:$A$18,0),7) -> 30 | F20: =INDEX(Summary!$F$19:$F$30,MATCH('Unit 1 a'!C20,Summary!$D$19:$D$30,0)) -> 0.5 | G20: =F20*E20 -> 15 | H20: Btu/hr-sf | I20: =SUM(K20,M20,O20,Q20,U20,W20,Y20,AA20,AC20,AE20,AG20,AI20,S20,AK20,AM20,AO20) -> 0 | J20: =IF(I20="","-",I20*$G20) -> 0 | K20: =IF(K$7="","",IF(INDEX('Rooms Walls and Glass'!$D$8:$AB$19, MATCH($D20,'Rooms Walls and Glass'!$A$8:$A$19,0), MATCH('Unit 1 a'!K$7,'Rooms Walls and Glass'!$D$1:$AB$1,0))=0,"",INDEX('Rooms Walls and Glass'!$D$8:$AB$19, MATCH($D20,'Rooms Walls and Glass'!$A$8:$A$19,0), MATCH('Unit 1 a'!K$7,'Rooms Walls and Glass'!$D$1:$AB$1,0)))) | L20: =IF(K20="","-",K20*$G20) -> - | M20: =IF(M$7="","",IF(INDEX('Rooms Walls and Glass'!$D$8:$AB$19, MATCH($D20,'Rooms Walls and Glass'!$A$8:$A$19,0), MATCH('Unit 1 a'!M$7,'Rooms Walls and Glass'!$D$1:$AB$1,0))=0,"",INDEX('Rooms Walls and Glass'!$D$8:$AB$19, MATCH($D20,'Rooms Walls and Glass'!$A$8:$A$19,0), MATCH('Unit 1 a'!M$7,'Rooms Walls and Glass'!$D$1:$AB$1,0)))) | N20: =IF(M20="","-",M20*$G20) -> - | O20: =IF(O$7="","",IF(INDEX('Rooms Walls and Glass'!$D$8:$AB$19, MATCH($D20,'Rooms Walls and Glass'!$A$8:$A$19,0), MATCH('Unit 1 a'!O$7,'Rooms Walls and Glass'!$D$1:$AB$1,0))=0,"",INDEX('Rooms Walls and Glass'!$D$8:$AB$19, MATCH($D20,'Rooms Walls and Glass'!$A$8:$A$19,0), MATCH('Unit 1 a'!O$7,'Rooms Walls and Glass'!$D$1:$AB$1,0)))) | P20: =IF(O20="","-",O20*$G20) -> - | Q20: =IF(Q$7="","",IF(INDEX('Rooms Walls and Glass'!$D$8:$AB$19, MATCH($D20,'Rooms Walls and Glass'!$A$8:$A$19,0), MATCH('Unit 1 a'!Q$7,'Rooms Walls and Glass'!$D$1:$AB$1,0))=0,"",INDEX('Rooms Walls and Glass'!$D$8:$AB$19, MATCH($D20,'Rooms Walls and Glass'!$A$8:$A$19,0), MATCH('Unit 1 a'!Q$7,'Rooms Walls and Glass'!$D$1:$AB$1,0)))) | R20: =IF(Q20="","-",Q20*$G20) -> - | S20: =IF(S$7="","",IF(INDEX('Rooms Walls and Glass'!$D$8:$AB$19, MATCH($D20,'Rooms Walls and Glass'!$A$8:$A$19,0), MATCH('Unit 1 a'!S$7,'Rooms Walls and Glass'!$D$1:$AB$1,0))=0,"",INDEX('Rooms Walls and Glass'!$D$8:$AB$19, MATCH($D20,'Rooms Walls and Glass'!$A$8:$A$19,0), MATCH('Unit 1 a'!S$7,'Rooms Walls and Glass'!$D$1:$AB$1,0)))) | T20: =IF(S20="","-",S20*$G20) -> - | U20: =IF(U$7="","",IF(INDEX('Rooms Walls and Glass'!$D$8:$AB$19, MATCH($D20,'Rooms Walls and Glass'!$A$8:$A$19,0), MATCH('Unit 1 a'!U$7,'Rooms Walls and Glass'!$D$1:$AB$1,0))=0,"",INDEX('Rooms Walls and Glass'!$D$8:$AB$19, MATCH($D20,'Rooms Walls and Glass'!$A$8:$A$19,0), MATCH('Unit 1 a'!U$7,'Rooms Walls and Glass'!$D$1:$AB$1,0)))) | V20: =IF(U20="","-",U20*$G20) -> - | W20: =IF(W$7="","",IF(INDEX('Rooms Walls and Glass'!$D$8:$AB$19, MATCH($D20,'Rooms Walls and Glass'!$A$8:$A$19,0), MATCH('Unit 1 a'!W$7,'Rooms Walls and Glass'!$D$1:$AB$1,0))=0,"",INDEX('Rooms Walls and Glass'!$D$8:$AB$19, MATCH($D20,'Rooms Walls and Glass'!$A$8:$A$19,0), MATCH('Unit 1 a'!W$7,'Rooms Walls and Glass'!$D$1:$AB$1,0)))) | X20: =IF(W20="","-",W20*$G20) -> - | Y20: =IF(Y$7="","",IF(INDEX('Rooms Walls and Glass'!$D$8:$AB$19, MATCH($D20,'Rooms Walls and Glass'!$A$8:$A$19,0), MATCH('Unit 1 a'!Y$7,'Rooms Walls and Glass'!$D$1:$AB$1,0))=0,"",INDEX('Rooms Walls and Glass'!$D$8:$AB$19, MATCH($D20,'Rooms Walls and Glass'!$A$8:$A$19,0), MATCH('Unit 1 a'!Y$7,'Rooms Walls and Glass'!$D$1:$AB$1,0)))) | Z20: =IF(Y20="","-",Y20*$G20) -> - | AA20: =IF(AA$7="","",IF(INDEX('Rooms Walls and Glass'!$D$8:$AB$19, MATCH($D20,'Rooms Walls and Glass'!$A$8:$A$19,0), MATCH('Unit 1 a'!AA$7,'Rooms Walls and Glass'!$D$1:$AB$1,0))=0,"",INDEX('Rooms Walls and Glass'!$D$8:$AB$19, MATCH($D20,'Rooms Walls and Glass'!$A$8:$A$19,0), MATCH('Unit 1 a'!AA$7,'Rooms Walls and Glass'!$D$1:$AB$1,0)))) | AB20: =IF(AA20="","-",AA20*$G20) -> - | AC20: =IF(AC$7="","",IF(INDEX('Rooms Walls and Glass'!$D$8:$AB$19, MATCH($D20,'Rooms Walls and Glass'!$A$8:$A$19,0), MATCH('Unit 1 a'!AC$7,'Rooms Walls and Glass'!$D$1:$AB$1,0))=0,"",INDEX('Rooms Walls and Glass'!$D$8:$AB$19, MATCH($D20,'Rooms Walls and Glass'!$A$8:$A$19,0), MATCH('Unit 1 a'!AC$7,'Rooms Walls and Glass'!$D$1:$AB$1,0)))) | AD20: =IF(AC20="","-",AC20*$G20) -> - | AE20: =IF(AE$7="","",IF(INDEX('Rooms Walls and Glass'!$D$8:$AB$19, MATCH($D20,'Rooms Walls and Glass'!$A$8:$A$19,0), MATCH('Unit 1 a'!AE$7,'Rooms Walls and Glass'!$D$1:$AB$1,0))=0,"",INDEX('Rooms Walls and Glass'!$D$8:$AB$19, MATCH($D20,'Rooms Walls and Glass'!$A$8:$A$19,0), MATCH('Unit 1 a'!AE$7,'Rooms Walls and Glass'!$D$1:$AB$1,0)))) | AF20: =IF(AE20="","-",AE20*$G20) -> - | AG20: =IF(AG$7="","",IF(INDEX('Rooms Walls and Glass'!$D$8:$AB$19, MATCH($D20,'Rooms Walls and Glass'!$A$8:$A$19,0), MATCH('Unit 1 a'!AG$7,'Rooms Walls and Glass'!$D$1:$AB$1,0))=0,"",INDEX('Rooms Walls and Glass'!$D$8:$AB$19, MATCH($D20,'Rooms Walls and Glass'!$A$8:$A$19,0), MATCH('Unit 1 a'!AG$7,'Rooms Walls and Glass'!$D$1:$AB$1,0)))) | AH20: =IF(AG20="","-",AG20*$G20) -> - | AI20: =IF(AI$7="","",IF(INDEX('Rooms Walls and Glass'!$D$8:$AB$19, MATCH($D20,'Rooms Walls and Glass'!$A$8:$A$19,0), MATCH('Unit 1 a'!AI$7,'Rooms Walls and Glass'!$D$1:$AB$1,0))=0,"",INDEX('Rooms Walls and Glass'!$D$8:$AB$19, MATCH($D20,'Rooms Walls and Glass'!$A$8:$A$19,0), MATCH('Unit 1 a'!AI$7,'Rooms Walls and Glass'!$D$1:$AB$1,0)))) | AJ20: =IF(AI20="","-",AI20*$G20) -> - | AK20: =IF(AK$7="","",IF(INDEX('Rooms Walls and Glass'!$D$8:$AB$19, MATCH($D20,'Rooms Walls and Glass'!$A$8:$A$19,0), MATCH('Unit 1 a'!AK$7,'Rooms Walls and Glass'!$D$1:$AB$1,0))=0,"",INDEX('Rooms Walls and Glass'!$D$8:$AB$19, MATCH($D20,'Rooms Walls and Glass'!$A$8:$A$19,0), MATCH('Unit 1 a'!AK$7,'Rooms Walls and Glass'!$D$1:$AB$1,0)))) | AL20: =IF(AK20="","-",AK20*$G20) -> - | AM20: =IF(AM$7="","",IF(INDEX('Rooms Walls and Glass'!$D$8:$AB$19, MATCH($D20,'Rooms Walls and Glass'!$A$8:$A$19,0), MATCH('Unit 1 a'!AM$7,'Rooms Walls and Glass'!$D$1:$AB$1,0))=0,"",INDEX('Rooms Walls and Glass'!$D$8:$AB$19, MATCH($D20,'Rooms Walls and Glass'!$A$8:$A$19,0), MATCH('Unit 1 a'!AM$7,'Rooms Walls and Glass'!$D$1:$AB$1,0)))) | AN20: =IF(AM20="","-",AM20*$G20) -> - | AO20: =IF(AO$7="","",IF(INDEX('Rooms Walls and Glass'!$D$8:$AB$19, MATCH($D20,'Rooms Walls and Glass'!$A$8:$A$19,0), MATCH('Unit 1 a'!AO$7,'Rooms Walls and Glass'!$D$1:$AB$1,0))=0,"",INDEX('Rooms Walls and Glass'!$D$8:$AB$19, MATCH($D20,'Rooms Walls and Glass'!$A$8:$A$19,0), MATCH('Unit 1 a'!AO$7,'Rooms Walls and Glass'!$D$1:$AB$1,0)))) | AP20: =IF(AO20="","-",AO20*$G20) -> -
B21: Above Grade Walls | C21: W1 | D21: ='Rooms Walls and Glass'!A23 -> NorthWest | E21: =INDEX('Glass CLF Calculation'!$A$20:$G$27,MATCH('Unit 1 a'!D21,'Glass CLF Calculation'!$A$20:$A$27,0),7) -> 19 | F21: =INDEX(Summary!$F$19:$F$30,MATCH('Unit 1 a'!C21,Summary!$D$19:$D$30,0)) -> 0.077 | G21: =F21*E21 -> 1.463 | H21: Btu/hr-sf | I21: =SUM(K21,M21,O21,Q21,U21,W21,Y21,AA21,AC21,AE21,AG21,AI21,S21,AK21,AM21,AO21) -> 337 | J21: =IF(I21="","-",I21*$G21) -> 493.031 | K21: =IF(K$7="","",IF(INDEX('Rooms Walls and Glass'!$D$23:$AB$30, MATCH($D21,'Rooms Walls and Glass'!$A$23:$A$30,0), MATCH('Unit 1 a'!K$7,'Rooms Walls and Glass'!$D$1:$AB$1,0))=0,"",INDEX('Rooms Walls and Glass'!$D$23:$AB$30, MATCH($D21,'Rooms Walls and Glass'!$A$23:$A$30,0), MATCH('Unit 1 a'!K$7,'Rooms Walls and Glass'!$D$1:$AB$1,0)))) -> 130 | L21: =IF(K21="","-",K21*$G21) -> 190.19 | M21: =IF(M$7="","",IF(INDEX('Rooms Walls and Glass'!$D$23:$AB$30, MATCH($D21,'Rooms Walls and Glass'!$A$23:$A$30,0), MATCH('Unit 1 a'!M$7,'Rooms Walls and Glass'!$D$1:$AB$1,0))=0,"",INDEX('Rooms Walls and Glass'!$D$23:$AB$30, MATCH($D21,'Rooms Walls and Glass'!$A$23:$A$30,0), MATCH('Unit 1 a'!M$7,'Rooms Walls and Glass'!$D$1:$AB$1,0)))) -> 85 | N21: =IF(M21="","-",M21*$G21) -> 124.355 | O21: =IF(O$7="","",IF(INDEX('Rooms Walls and Glass'!$D$23:$AB$30, MATCH($D21,'Rooms Walls and Glass'!$A$23:$A$30,0), MATCH('Unit 1 a'!O$7,'Rooms Walls and Glass'!$D$1:$AB$1,0))=0,"",INDEX('Rooms Walls and Glass'!$D$23:$AB$30, MATCH($D21,'Rooms Walls and Glass'!$A$23:$A$30,0), MATCH('Unit 1 a'!O$7,'Rooms Walls and Glass'!$D$1:$AB$1,0)))) | P21: =IF(O21="","-",O21*$G21) -> - | Q21: =IF(Q$7="","",IF(INDEX('Rooms Walls and Glass'!$D$23:$AB$30, MATCH($D21,'Rooms Walls and Glass'!$A$23:$A$30,0), MATCH('Unit 1 a'!Q$7,'Rooms Walls and Glass'!$D$1:$AB$1,0))=0,"",INDEX('Rooms Walls and Glass'!$D$23:$AB$30, MATCH($D21,'Rooms Walls and Glass'!$A$23:$A$30,0), MATCH('Unit 1 a'!Q$7,'Rooms Walls and Glass'!$D$1:$AB$1,0)))) | R21: =IF(Q21="","-",Q21*$G21) -> - | S21: =IF(S$7="","",IF(INDEX('Rooms Walls and Glass'!$D$23:$AB$30, MATCH($D21,'Rooms Walls and Glass'!$A$23:$A$30,0), MATCH('Unit 1 a'!S$7,'Rooms Walls and Glass'!$D$1:$AB$1,0))=0,"",INDEX('Rooms Walls and Glass'!$D$23:$AB$30, MATCH($D21,'Rooms Walls and Glass'!$A$23:$A$30,0), MATCH('Unit 1 a'!S$7,'Rooms Walls and Glass'!$D$1:$AB$1,0)))) | T21: =IF(S21="","-",S21*$G21) -> - | U21: =IF(U$7="","",IF(INDEX('Rooms Walls and Glass'!$D$23:$AB$30, MATCH($D21,'Rooms Walls and Glass'!$A$23:$A$30,0), MATCH('Unit 1 a'!U$7,'Rooms Walls and Glass'!$D$1:$AB$1,0))=0,"",INDEX('Rooms Walls and Glass'!$D$23:$AB$30, MATCH($D21,'Rooms Walls and Glass'!$A$23:$A$30,0), MATCH('Unit 1 a'!U$7,'Rooms Walls and Glass'!$D$1:$AB$1,0)))) | V21: =IF(U21="","-",U21*$G21) -> - | W21: =IF(W$7="","",IF(INDEX('Rooms Walls and Glass'!$D$23:$AB$30, MATCH($D21,'Rooms Walls and Glass'!$A$23:$A$30,0), MATCH('Unit 1 a'!W$7,'Rooms Walls and Glass'!$D$1:$AB$1,0))=0,"",INDEX('Rooms Walls and Glass'!$D$23:$AB$30, MATCH($D21,'Rooms Walls and Glass'!$A$23:$A$30,0), MATCH('Unit 1 a'!W$7,'Rooms Walls and Glass'!$D$1:$AB$1,0)))) | X21: =IF(W21="","-",W21*$G21) -> - | Y21: =IF(Y$7="","",IF(INDEX('Rooms Walls and Glass'!$D$23:$AB$30, MATCH($D21,'Rooms Walls and Glass'!$A$23:$A$30,0), MATCH('Unit 1 a'!Y$7,'Rooms Walls and Glass'!$D$1:$AB$1,0))=0,"",INDEX('Rooms Walls and Glass'!$D$23:$AB$30, MATCH($D21,'Rooms Walls and Glass'!$A$23:$A$30,0), MATCH('Unit 1 a'!Y$7,'Rooms Walls and Glass'!$D$1:$AB$1,0)))) | Z21: =IF(Y21="","-",Y21*$G21) -> - | AA21: =IF(AA$7="","",IF(INDEX('Rooms Walls and Glass'!$D$23:$AB$30, MATCH($D21,'Rooms Walls and Glass'!$A$23:$A$30,0), MATCH('Unit 1 a'!AA$7,'Rooms Walls and Glass'!$D$1:$AB$1,0))=0,"",INDEX('Rooms Walls and Glass'!$D$23:$AB$30, MATCH($D21,'Rooms Walls and Glass'!$A$23:$A$30,0), MATCH('Unit 1 a'!AA$7,'Rooms Walls and Glass'!$D$1:$AB$1,0)))) -> 122 | AB21: =IF(AA21="","-",AA21*$G21) -> 178.486 | AC21: =IF(AC$7="","",IF(INDEX('Rooms Walls and Glass'!$D$23:$AB$30, MATCH($D21,'Rooms Walls and Glass'!$A$23:$A$30,0), MATCH('Unit 1 a'!AC$7,'Rooms Walls and Glass'!$D$1:$AB$1,0))=0,"",INDEX('Rooms Walls and Glass'!$D$23:$AB$30, MATCH($D21,'Rooms Walls and Glass'!$A$23:$A$30,0), MATCH('Unit 1 a'!AC$7,'Rooms Walls and Glass'!$D$1:$AB$1,0)))) | AD21: =IF(AC21="","-",AC21*$G21) -> - | AE21: =IF(AE$7="","",IF(INDEX('Rooms Walls and Glass'!$D$23:$AB$30, MATCH($D21,'Rooms Walls and Glass'!$A$23:$A$30,0), MATCH('Unit 1 a'!AE$7,'Rooms Walls and Glass'!$D$1:$AB$1,0))=0,"",INDEX('Rooms Walls and Glass'!$D$23:$AB$30, MATCH($D21,'Rooms Walls and Glass'!$A$23:$A$30,0), MATCH('Unit 1 a'!AE$7,'Rooms Walls and Glass'!$D$1:$AB$1,0)))) | AF21: =IF(AE21="","-",AE21*$G21) -> - | AG21: =IF(AG$7="","",IF(INDEX('Rooms Walls and Glass'!$D$23:$AB$30, MATCH($D21,'Rooms Walls and Glass'!$A$23:$A$30,0), MATCH('Unit 1 a'!AG$7,'Rooms Walls and Glass'!$D$1:$AB$1,0))=0,"",INDEX('Rooms Walls and Glass'!$D$23:$AB$30, MATCH($D21,'Rooms Walls and Glass'!$A$23:$A$30,0), MATCH('Unit 1 a'!AG$7,'Rooms Walls and Glass'!$D$1:$AB$1,0)))) | AH21: =IF(AG21="","-",AG21*$G21) -> - | AI21: =IF(AI$7="","",IF(INDEX('Rooms Walls and Glass'!$D$23:$AB$30, MATCH($D21,'Rooms Walls and Glass'!$A$23:$A$30,0), MATCH('Unit 1 a'!AI$7,'Rooms Walls and Glass'!$D$1:$AB$1,0))=0,"",INDEX('Rooms Walls and Glass'!$D$23:$AB$30, MATCH($D21,'Rooms Walls and Glass'!$A$23:$A$30,0), MATCH('Unit 1 a'!AI$7,'Rooms Walls and Glass'!$D$1:$AB$1,0)))) | AJ21: =IF(AI21="","-",AI21*$G21) -> - | AK21: =IF(AK$7="","",IF(INDEX('Rooms Walls and Glass'!$D$23:$AB$30, MATCH($D21,'Rooms Walls and Glass'!$A$23:$A$30,0), MATCH('Unit 1 a'!AK$7,'Rooms Walls and Glass'!$D$1:$AB$1,0))=0,"",INDEX('Rooms Walls and Glass'!$D$23:$AB$30, MATCH($D21,'Rooms Walls and Glass'!$A$23:$A$30,0), MATCH('Unit 1 a'!AK$7,'Rooms Walls and Glass'!$D$1:$AB$1,0)))) | AL21: =IF(AK21="","-",AK21*$G21) -> - | AM21: =IF(AM$7="","",IF(INDEX('Rooms Walls and Glass'!$D$23:$AB$30, MATCH($D21,'Rooms Walls and Glass'!$A$23:$A$30,0), MATCH('Unit 1 a'!AM$7,'Rooms Walls and Glass'!$D$1:$AB$1,0))=0,"",INDEX('Rooms Walls and Glass'!$D$23:$AB$30, MATCH($D21,'Rooms Walls and Glass'!$A$23:$A$30,0), MATCH('Unit 1 a'!AM$7,'Rooms Walls and Glass'!$D$1:$AB$1,0)))) | AN21: =IF(AM21="","-",AM21*$G21) -> - | AO21: =IF(AO$7="","",IF(INDEX('Rooms Walls and Glass'!$D$23:$AB$30, MATCH($D21,'Rooms Walls and Glass'!$A$23:$A$30,0), MATCH('Unit 1 a'!AO$7,'Rooms Walls and Glass'!$D$1:$AB$1,0))=0,"",INDEX('Rooms Walls and Glass'!$D$23:$AB$30, MATCH($D21,'Rooms Walls and Glass'!$A$23:$A$30,0), MATCH('Unit 1 a'!AO$7,'Rooms Walls and Glass'!$D$1:$AB$1,0)))) | AP21: =IF(AO21="","-",AO21*$G21) -> -
C22: W1 | D22: ='Rooms Walls and Glass'!A24 -> North | E22: =INDEX('Glass CLF Calculation'!$A$20:$G$27,MATCH('Unit 1 a'!D22,'Glass CLF Calculation'!$A$20:$A$27,0),7) -> 13 | F22: =INDEX(Summary!$F$19:$F$30,MATCH('Unit 1 a'!C22,Summary!$D$19:$D$30,0)) -> 0.077 | G22: =F22*E22 -> 1.001 | H22: Btu/hr-sf | I22: =SUM(K22,M22,O22,Q22,U22,W22,Y22,AA22,AC22,AE22,AG22,AI22,S22,AK22,AM22,AO22) -> 0 | J22: =IF(I22="","-",I22*$G22) -> 0 | K22: =IF(K$7="","",IF(INDEX('Rooms Walls and Glass'!$D$23:$AB$30, MATCH($D22,'Rooms Walls and Glass'!$A$23:$A$30,0), MATCH('Unit 1 a'!K$7,'Rooms Walls and Glass'!$D$1:$AB$1,0))=0,"",INDEX('Rooms Walls and Glass'!$D$23:$AB$30, MATCH($D22,'Rooms Walls and Glass'!$A$23:$A$30,0), MATCH('Unit 1 a'!K$7,'Rooms Walls and Glass'!$D$1:$AB$1,0)))) | L22: =IF(K22="","-",K22*$G22) -> - | M22: =IF(M$7="","",IF(INDEX('Rooms Walls and Glass'!$D$23:$AB$30, MATCH($D22,'Rooms Walls and Glass'!$A$23:$A$30,0), MATCH('Unit 1 a'!M$7,'Rooms Walls and Glass'!$D$1:$AB$1,0))=0,"",INDEX('Rooms Walls and Glass'!$D$23:$AB$30, MATCH($D22,'Rooms Walls and Glass'!$A$23:$A$30,0), MATCH('Unit 1 a'!M$7,'Rooms Walls and Glass'!$D$1:$AB$1,0)))) | N22: =IF(M22="","-",M22*$G22) -> - | O22: =IF(O$7="","",IF(INDEX('Rooms Walls and Glass'!$D$23:$AB$30, MATCH($D22,'Rooms Walls and Glass'!$A$23:$A$30,0), MATCH('Unit 1 a'!O$7,'Rooms Walls and Glass'!$D$1:$AB$1,0))=0,"",INDEX('Rooms Walls and Glass'!$D$23:$AB$30, MATCH($D22,'Rooms Walls and Glass'!$A$23:$A$30,0), MATCH('Unit 1 a'!O$7,'Rooms Walls and Glass'!$D$1:$AB$1,0)))) | P22: =IF(O22="","-",O22*$G22) -> - | Q22: =IF(Q$7="","",IF(INDEX('Rooms Walls and Glass'!$D$23:$AB$30, MATCH($D22,'Rooms Walls and Glass'!$A$23:$A$30,0), MATCH('Unit 1 a'!Q$7,'Rooms Walls and Glass'!$D$1:$AB$1,0))=0,"",INDEX('Rooms Walls and Glass'!$D$23:$AB$30, MATCH($D22,'Rooms Walls and Glass'!$A$23:$A$30,0), MATCH('Unit 1 a'!Q$7,'Rooms Walls and Glass'!$D$1:$AB$1,0)))) | R22: =IF(Q22="","-",Q22*$G22) -> - | S22: =IF(S$7="","",IF(INDEX('Rooms Walls and Glass'!$D$23:$AB$30, MATCH($D22,'Rooms Walls and Glass'!$A$23:$A$30,0), MATCH('Unit 1 a'!S$7,'Rooms Walls and Glass'!$D$1:$AB$1,0))=0,"",INDEX('Rooms Walls and Glass'!$D$23:$AB$30, MATCH($D22,'Rooms Walls and Glass'!$A$23:$A$30,0), MATCH('Unit 1 a'!S$7,'Rooms Walls and Glass'!$D$1:$AB$1,0)))) | T22: =IF(S22="","-",S22*$G22) -> - | U22: =IF(U$7="","",IF(INDEX('Rooms Walls and Glass'!$D$23:$AB$30, MATCH($D22,'Rooms Walls and Glass'!$A$23:$A$30,0), MATCH('Unit 1 a'!U$7,'Rooms Walls and Glass'!$D$1:$AB$1,0))=0,"",INDEX('Rooms Walls and Glass'!$D$23:$AB$30, MATCH($D22,'Rooms Walls and Glass'!$A$23:$A$30,0), MATCH('Unit 1 a'!U$7,'Rooms Walls and Glass'!$D$1:$AB$1,0)))) | V22: =IF(U22="","-",U22*$G22) -> - | W22: =IF(W$7="","",IF(INDEX('Rooms Walls and Glass'!$D$23:$AB$30, MATCH($D22,'Rooms Walls and Glass'!$A$23:$A$30,0), MATCH('Unit 1 a'!W$7,'Rooms Walls and Glass'!$D$1:$AB$1,0))=0,"",INDEX('Rooms Walls and Glass'!$D$23:$AB$30, MATCH($D22,'Rooms Walls and Glass'!$A$23:$A$30,0), MATCH('Unit 1 a'!W$7,'Rooms Walls and Glass'!$D$1:$AB$1,0)))) | X22: =IF(W22="","-",W22*$G22) -> - | Y22: =IF(Y$7="","",IF(INDEX('Rooms Walls and Glass'!$D$23:$AB$30, MATCH($D22,'Rooms Walls and Glass'!$A$23:$A$30,0), MATCH('Unit 1 a'!Y$7,'Rooms Walls and Glass'!$D$1:$AB$1,0))=0,"",INDEX('Rooms Walls and Glass'!$D$23:$AB$30, MATCH($D22,'Rooms Walls and Glass'!$A$23:$A$30,0), MATCH('Unit 1 a'!Y$7,'Rooms Walls and Glass'!$D$1:$AB$1,0)))) | Z22: =IF(Y22="","-",Y22*$G22) -> - | AA22: =IF(AA$7="","",IF(INDEX('Rooms Walls and Glass'!$D$23:$AB$30, MATCH($D22,'Rooms Walls and Glass'!$A$23:$A$30,0), MATCH('Unit 1 a'!AA$7,'Rooms Walls and Glass'!$D$1:$AB$1,0))=0,"",INDEX('Rooms Walls and Glass'!$D$23:$AB$30, MATCH($D22,'Rooms Walls and Glass'!$A$23:$A$30,0), MATCH('Unit 1 a'!AA$7,'Rooms Walls and Glass'!$D$1:$AB$1,0)))) | AB22: =IF(AA22="","-",AA22*$G22) -> - | AC22: =IF(AC$7="","",IF(INDEX('Rooms Walls and Glass'!$D$23:$AB$30, MATCH($D22,'Rooms Walls and Glass'!$A$23:$A$30,0), MATCH('Unit 1 a'!AC$7,'Rooms Walls and Glass'!$D$1:$AB$1,0))=0,"",INDEX('Rooms Walls and Glass'!$D$23:$AB$30, MATCH($D22,'Rooms Walls and Glass'!$A$23:$A$30,0), MATCH('Unit 1 a'!AC$7,'Rooms Walls and Glass'!$D$1:$AB$1,0)))) | AD22: =IF(AC22="","-",AC22*$G22) -> - | AE22: =IF(AE$7="","",IF(INDEX('Rooms Walls and Glass'!$D$23:$AB$30, MATCH($D22,'Rooms Walls and Glass'!$A$23:$A$30,0), MATCH('Unit 1 a'!AE$7,'Rooms Walls and Glass'!$D$1:$AB$1,0))=0,"",INDEX('Rooms Walls and Glass'!$D$23:$AB$30, MATCH($D22,'Rooms Walls and Glass'!$A$23:$A$30,0), MATCH('Unit 1 a'!AE$7,'Rooms Walls and Glass'!$D$1:$AB$1,0)))) | AF22: =IF(AE22="","-",AE22*$G22) -> - | AG22: =IF(AG$7="","",IF(INDEX('Rooms Walls and Glass'!$D$23:$AB$30, MATCH($D22,'Rooms Walls and Glass'!$A$23:$A$30,0), MATCH('Unit 1 a'!AG$7,'Rooms Walls and Glass'!$D$1:$AB$1,0))=0,"",INDEX('Rooms Walls and Glass'!$D$23:$AB$30, MATCH($D22,'Rooms Walls and Glass'!$A$23:$A$30,0), MATCH('Unit 1 a'!AG$7,'Rooms Walls and Glass'!$D$1:$AB$1,0)))) | AH22: =IF(AG22="","-",AG22*$G22) -> - | AI22: =IF(AI$7="","",IF(INDEX('Rooms Walls and Glass'!$D$23:$AB$30, MATCH($D22,'Rooms Walls and Glass'!$A$23:$A$30,0), MATCH('Unit 1 a'!AI$7,'Rooms Walls and Glass'!$D$1:$AB$1,0))=0,"",INDEX('Rooms Walls and Glass'!$D$23:$AB$30, MATCH($D22,'Rooms Walls and Glass'!$A$23:$A$30,0), MATCH('Unit 1 a'!AI$7,'Rooms Walls and Glass'!$D$1:$AB$1,0)))) | AJ22: =IF(AI22="","-",AI22*$G22) -> - | AK22: =IF(AK$7="","",IF(INDEX('Rooms Walls and Glass'!$D$23:$AB$30, MATCH($D22,'Rooms Walls and Glass'!$A$23:$A$30,0), MATCH('Unit 1 a'!AK$7,'Rooms Walls and Glass'!$D$1:$AB$1,0))=0,"",INDEX('Rooms Walls and Glass'!$D$23:$AB$30, MATCH($D22,'Rooms Walls and Glass'!$A$23:$A$30,0), MATCH('Unit 1 a'!AK$7,'Rooms Walls and Glass'!$D$1:$AB$1,0)))) | AL22: =IF(AK22="","-",AK22*$G22) -> - | AM22: =IF(AM$7="","",IF(INDEX('Rooms Walls and Glass'!$D$23:$AB$30, MATCH($D22,'Rooms Walls and Glass'!$A$23:$A$30,0), MATCH('Unit 1 a'!AM$7,'Rooms Walls and Glass'!$D$1:$AB$1,0))=0,"",INDEX('Rooms Walls and Glass'!$D$23:$AB$30, MATCH($D22,'Rooms Walls and Glass'!$A$23:$A$30,0), MATCH('Unit 1 a'!AM$7,'Rooms Walls and Glass'!$D$1:$AB$1,0)))) | AN22: =IF(AM22="","-",AM22*$G22) -> - | AO22: =IF(AO$7="","",IF(INDEX('Rooms Walls and Glass'!$D$23:$AB$30, MATCH($D22,'Rooms Walls and Glass'!$A$23:$A$30,0), MATCH('Unit 1 a'!AO$7,'Rooms Walls and Glass'!$D$1:$AB$1,0))=0,"",INDEX('Rooms Walls and Glass'!$D$23:$AB$30, MATCH($D22,'Rooms Walls and Glass'!$A$23:$A$30,0), MATCH('Unit 1 a'!AO$7,'Rooms Walls and Glass'!$D$1:$AB$1,0)))) | AP22: =IF(AO22="","-",AO22*$G22) -> -
C23: W1 | D23: ='Rooms Walls and Glass'!A25 -> NorthEast | E23: =INDEX('Glass CLF Calculation'!$A$20:$G$27,MATCH('Unit 1 a'!D23,'Glass CLF Calculation'!$A$20:$A$27,0),7) -> 19 | F23: =INDEX(Summary!$F$19:$F$30,MATCH('Unit 1 a'!C23,Summary!$D$19:$D$30,0)) -> 0.077 | G23: =F23*E23 -> 1.463 | H23: Btu/hr-sf | I23: =SUM(K23,M23,O23,Q23,U23,W23,Y23,AA23,AC23,AE23,AG23,AI23,S23,AK23,AM23,AO23) -> 194 | J23: =IF(I23="","-",I23*$G23) -> 283.822 | K23: =IF(K$7="","",IF(INDEX('Rooms Walls and Glass'!$D$23:$AB$30, MATCH($D23,'Rooms Walls and Glass'!$A$23:$A$30,0), MATCH('Unit 1 a'!K$7,'Rooms Walls and Glass'!$D$1:$AB$1,0))=0,"",INDEX('Rooms Walls and Glass'!$D$23:$AB$30, MATCH($D23,'Rooms Walls and Glass'!$A$23:$A$30,0), MATCH('Unit 1 a'!K$7,'Rooms Walls and Glass'!$D$1:$AB$1,0)))) -> 72 | L23: =IF(K23="","-",K23*$G23) -> 105.336 | M23: =IF(M$7="","",IF(INDEX('Rooms Walls and Glass'!$D$23:$AB$30, MATCH($D23,'Rooms Walls and Glass'!$A$23:$A$30,0), MATCH('Unit 1 a'!M$7,'Rooms Walls and Glass'!$D$1:$AB$1,0))=0,"",INDEX('Rooms Walls and Glass'!$D$23:$AB$30, MATCH($D23,'Rooms Walls and Glass'!$A$23:$A$30,0), MATCH('Unit 1 a'!M$7,'Rooms Walls and Glass'!$D$1:$AB$1,0)))) | N23: =IF(M23="","-",M23*$G23) -> - | O23: =IF(O$7="","",IF(INDEX('Rooms Walls and Glass'!$D$23:$AB$30, MATCH($D23,'Rooms Walls and Glass'!$A$23:$A$30,0), MATCH('Unit 1 a'!O$7,'Rooms Walls and Glass'!$D$1:$AB$1,0))=0,"",INDEX('Rooms Walls and Glass'!$D$23:$AB$30, MATCH($D23,'Rooms Walls and Glass'!$A$23:$A$30,0), MATCH('Unit 1 a'!O$7,'Rooms Walls and Glass'!$D$1:$AB$1,0)))) -> 122 | P23: =IF(O23="","-",O23*$G23) -> 178.486 | Q23: =IF(Q$7="","",IF(INDEX('Rooms Walls and Glass'!$D$23:$AB$30, MATCH($D23,'Rooms Walls and Glass'!$A$23:$A$30,0), MATCH('Unit 1 a'!Q$7,'Rooms Walls and Glass'!$D$1:$AB$1,0))=0,"",INDEX('Rooms Walls and Glass'!$D$23:$AB$30, MATCH($D23,'Rooms Walls and Glass'!$A$23:$A$30,0), MATCH('Unit 1 a'!Q$7,'Rooms Walls and Glass'!$D$1:$AB$1,0)))) | R23: =IF(Q23="","-",Q23*$G23) -> - | S23: =IF(S$7="","",IF(INDEX('Rooms Walls and Glass'!$D$23:$AB$30, MATCH($D23,'Rooms Walls and Glass'!$A$23:$A$30,0), MATCH('Unit 1 a'!S$7,'Rooms Walls and Glass'!$D$1:$AB$1,0))=0,"",INDEX('Rooms Walls and Glass'!$D$23:$AB$30, MATCH($D23,'Rooms Walls and Glass'!$A$23:$A$30,0), MATCH('Unit 1 a'!S$7,'Rooms Walls and Glass'!$D$1:$AB$1,0)))) | T23: =IF(S23="","-",S23*$G23) -> - | U23: =IF(U$7="","",IF(INDEX('Rooms Walls and Glass'!$D$23:$AB$30, MATCH($D23,'Rooms Walls and Glass'!$A$23:$A$30,0), MATCH('Unit 1 a'!U$7,'Rooms Walls and Glass'!$D$1:$AB$1,0))=0,"",INDEX('Rooms Walls and Glass'!$D$23:$AB$30, MATCH($D23,'Rooms Walls and Glass'!$A$23:$A$30,0), MATCH('Unit 1 a'!U$7,'Rooms Walls and Glass'!$D$1:$AB$1,0)))) | V23: =IF(U23="","-",U23*$G23) -> - | W23: =IF(W$7="","",IF(INDEX('Rooms Walls and Glass'!$D$23:$AB$30, MATCH($D23,'Rooms Walls and Glass'!$A$23:$A$30,0), MATCH('Unit 1 a'!W$7,'Rooms Walls and Glass'!$D$1:$AB$1,0))=0,"",INDEX('Rooms Walls and Glass'!$D$23:$AB$30, MATCH($D23,'Rooms Walls and Glass'!$A$23:$A$30,0), MATCH('Unit 1 a'!W$7,'Rooms Walls and Glass'!$D$1:$AB$1,0)))) | X23: =IF(W23="","-",W23*$G23) -> - | Y23: =IF(Y$7="","",IF(INDEX('Rooms Walls and Glass'!$D$23:$AB$30, MATCH($D23,'Rooms Walls and Glass'!$A$23:$A$30,0), MATCH('Unit 1 a'!Y$7,'Rooms Walls and Glass'!$D$1:$AB$1,0))=0,"",INDEX('Rooms Walls and Glass'!$D$23:$AB$30, MATCH($D23,'Rooms Walls and Glass'!$A$23:$A$30,0), MATCH('Unit 1 a'!Y$7,'Rooms Walls and Glass'!$D$1:$AB$1,0)))) | Z23: =IF(Y23="","-",Y23*$G23) -> - | AA23: =IF(AA$7="","",IF(INDEX('Rooms Walls and Glass'!$D$23:$AB$30, MATCH($D23,'Rooms Walls and Glass'!$A$23:$A$30,0), MATCH('Unit 1 a'!AA$7,'Rooms Walls and Glass'!$D$1:$AB$1,0))=0,"",INDEX('Rooms Walls and Glass'!$D$23:$AB$30, MATCH($D23,'Rooms Walls and Glass'!$A$23:$A$30,0), MATCH('Unit 1 a'!AA$7,'Rooms Walls and Glass'!$D$1:$AB$1,0)))) | AB23: =IF(AA23="","-",AA23*$G23) -> - | AC23: =IF(AC$7="","",IF(INDEX('Rooms Walls and Glass'!$D$23:$AB$30, MATCH($D23,'Rooms Walls and Glass'!$A$23:$A$30,0), MATCH('Unit 1 a'!AC$7,'Rooms Walls and Glass'!$D$1:$AB$1,0))=0,"",INDEX('Rooms Walls and Glass'!$D$23:$AB$30, MATCH($D23,'Rooms Walls and Glass'!$A$23:$A$30,0), MATCH('Unit 1 a'!AC$7,'Rooms Walls and Glass'!$D$1:$AB$1,0)))) | AD23: =IF(AC23="","-",AC23*$G23) -> - | AE23: =IF(AE$7="","",IF(INDEX('Rooms Walls and Glass'!$D$23:$AB$30, MATCH($D23,'Rooms Walls and Glass'!$A$23:$A$30,0), MATCH('Unit 1 a'!AE$7,'Rooms Walls and Glass'!$D$1:$AB$1,0))=0,"",INDEX('Rooms Walls and Glass'!$D$23:$AB$30, MATCH($D23,'Rooms Walls and Glass'!$A$23:$A$30,0), MATCH('Unit 1 a'!AE$7,'Rooms Walls and Glass'!$D$1:$AB$1,0)))) | AF23: =IF(AE23="","-",AE23*$G23) -> - | AG23: =IF(AG$7="","",IF(INDEX('Rooms Walls and Glass'!$D$23:$AB$30, MATCH($D23,'Rooms Walls and Glass'!$A$23:$A$30,0), MATCH('Unit 1 a'!AG$7,'Rooms Walls and Glass'!$D$1:$AB$1,0))=0,"",INDEX('Rooms Walls and Glass'!$D$23:$AB$30, MATCH($D23,'Rooms Walls and Glass'!$A$23:$A$30,0), MATCH('Unit 1 a'!AG$7,'Rooms Walls and Glass'!$D$1:$AB$1,0)))) | AH23: =IF(AG23="","-",AG23*$G23) -> - | AI23: =IF(AI$7="","",IF(INDEX('Rooms Walls and Glass'!$D$23:$AB$30, MATCH($D23,'Rooms Walls and Glass'!$A$23:$A$30,0), MATCH('Unit 1 a'!AI$7,'Rooms Walls and Glass'!$D$1:$AB$1,0))=0,"",INDEX('Rooms Walls and Glass'!$D$23:$AB$30, MATCH($D23,'Rooms Walls and Glass'!$A$23:$A$30,0), MATCH('Unit 1 a'!AI$7,'Rooms Walls and Glass'!$D$1:$AB$1,0)))) | AJ23: =IF(AI23="","-",AI23*$G23) -> - | AK23: =IF(AK$7="","",IF(INDEX('Rooms Walls and Glass'!$D$23:$AB$30, MATCH($D23,'Rooms Walls and Glass'!$A$23:$A$30,0), MATCH('Unit 1 a'!AK$7,'Rooms Walls and Glass'!$D$1:$AB$1,0))=0,"",INDEX('Rooms Walls and Glass'!$D$23:$AB$30, MATCH($D23,'Rooms Walls and Glass'!$A$23:$A$30,0), MATCH('Unit 1 a'!AK$7,'Rooms Walls and Glass'!$D$1:$AB$1,0)))) | AL23: =IF(AK23="","-",AK23*$G23) -> - | AM23: =IF(AM$7="","",IF(INDEX('Rooms Walls and Glass'!$D$23:$AB$30, MATCH($D23,'Rooms Walls and Glass'!$A$23:$A$30,0), MATCH('Unit 1 a'!AM$7,'Rooms Walls and Glass'!$D$1:$AB$1,0))=0,"",INDEX('Rooms Walls and Glass'!$D$23:$AB$30, MATCH($D23,'Rooms Walls and Glass'!$A$23:$A$30,0), MATCH('Unit 1 a'!AM$7,'Rooms Walls and Glass'!$D$1:$AB$1,0)))) | AN23: =IF(AM23="","-",AM23*$G23) -> - | AO23: =IF(AO$7="","",IF(INDEX('Rooms Walls and Glass'!$D$23:$AB$30, MATCH($D23,'Rooms Walls and Glass'!$A$23:$A$30,0), MATCH('Unit 1 a'!AO$7,'Rooms Walls and Glass'!$D$1:$AB$1,0))=0,"",INDEX('Rooms Walls and Glass'!$D$23:$AB$30, MATCH($D23,'Rooms Walls and Glass'!$A$23:$A$30,0), MATCH('Unit 1 a'!AO$7,'Rooms Walls and Glass'!$D$1:$AB$1,0)))) | AP23: =IF(AO23="","-",AO23*$G23) -> -
C24: W1 | D24: ='Rooms Walls and Glass'!A26 -> East | E24: =INDEX('Glass CLF Calculation'!$A$20:$G$27,MATCH('Unit 1 a'!D24,'Glass CLF Calculation'!$A$20:$A$27,0),7) -> 23 | F24: =INDEX(Summary!$F$19:$F$30,MATCH('Unit 1 a'!C24,Summary!$D$19:$D$30,0)) -> 0.077 | G24: =F24*E24 -> 1.771 | H24: Btu/hr-sf | I24: =SUM(K24,M24,O24,Q24,U24,W24,Y24,AA24,AC24,AE24,AG24,AI24,S24,AK24,AM24,AO24) -> 0 | J24: =IF(I24="","-",I24*$G24) -> 0 | K24: =IF(K$7="","",IF(INDEX('Rooms Walls and Glass'!$D$23:$AB$30, MATCH($D24,'Rooms Walls and Glass'!$A$23:$A$30,0), MATCH('Unit 1 a'!K$7,'Rooms Walls and Glass'!$D$1:$AB$1,0))=0,"",INDEX('Rooms Walls and Glass'!$D$23:$AB$30, MATCH($D24,'Rooms Walls and Glass'!$A$23:$A$30,0), MATCH('Unit 1 a'!K$7,'Rooms Walls and Glass'!$D$1:$AB$1,0)))) | L24: =IF(K24="","-",K24*$G24) -> - | M24: =IF(M$7="","",IF(INDEX('Rooms Walls and Glass'!$D$23:$AB$30, MATCH($D24,'Rooms Walls and Glass'!$A$23:$A$30,0), MATCH('Unit 1 a'!M$7,'Rooms Walls and Glass'!$D$1:$AB$1,0))=0,"",INDEX('Rooms Walls and Glass'!$D$23:$AB$30, MATCH($D24,'Rooms Walls and Glass'!$A$23:$A$30,0), MATCH('Unit 1 a'!M$7,'Rooms Walls and Glass'!$D$1:$AB$1,0)))) | N24: =IF(M24="","-",M24*$G24) -> - | O24: =IF(O$7="","",IF(INDEX('Rooms Walls and Glass'!$D$23:$AB$30, MATCH($D24,'Rooms Walls and Glass'!$A$23:$A$30,0), MATCH('Unit 1 a'!O$7,'Rooms Walls and Glass'!$D$1:$AB$1,0))=0,"",INDEX('Rooms Walls and Glass'!$D$23:$AB$30, MATCH($D24,'Rooms Walls and Glass'!$A$23:$A$30,0), MATCH('Unit 1 a'!O$7,'Rooms Walls and Glass'!$D$1:$AB$1,0)))) | P24: =IF(O24="","-",O24*$G24) -> - | Q24: =IF(Q$7="","",IF(INDEX('Rooms Walls and Glass'!$D$23:$AB$30, MATCH($D24,'Rooms Walls and Glass'!$A$23:$A$30,0), MATCH('Unit 1 a'!Q$7,'Rooms Walls and Glass'!$D$1:$AB$1,0))=0,"",INDEX('Rooms Walls and Glass'!$D$23:$AB$30, MATCH($D24,'Rooms Walls and Glass'!$A$23:$A$30,0), MATCH('Unit 1 a'!Q$7,'Rooms Walls and Glass'!$D$1:$AB$1,0)))) | R24: =IF(Q24="","-",Q24*$G24) -> - | S24: =IF(S$7="","",IF(INDEX('Rooms Walls and Glass'!$D$23:$AB$30, MATCH($D24,'Rooms Walls and Glass'!$A$23:$A$30,0), MATCH('Unit 1 a'!S$7,'Rooms Walls and Glass'!$D$1:$AB$1,0))=0,"",INDEX('Rooms Walls and Glass'!$D$23:$AB$30, MATCH($D24,'Rooms Walls and Glass'!$A$23:$A$30,0), MATCH('Unit 1 a'!S$7,'Rooms Walls and Glass'!$D$1:$AB$1,0)))) | T24: =IF(S24="","-",S24*$G24) -> - | U24: =IF(U$7="","",IF(INDEX('Rooms Walls and Glass'!$D$23:$AB$30, MATCH($D24,'Rooms Walls and Glass'!$A$23:$A$30,0), MATCH('Unit 1 a'!U$7,'Rooms Walls and Glass'!$D$1:$AB$1,0))=0,"",INDEX('Rooms Walls and Glass'!$D$23:$AB$30, MATCH($D24,'Rooms Walls and Glass'!$A$23:$A$30,0), MATCH('Unit 1 a'!U$7,'Rooms Walls and Glass'!$D$1:$AB$1,0)))) | V24: =IF(U24="","-",U24*$G24) -> - | W24: =IF(W$7="","",IF(INDEX('Rooms Walls and Glass'!$D$23:$AB$30, MATCH($D24,'Rooms Walls and Glass'!$A$23:$A$30,0), MATCH('Unit 1 a'!W$7,'Rooms Walls and Glass'!$D$1:$AB$1,0))=0,"",INDEX('Rooms Walls and Glass'!$D$23:$AB$30, MATCH($D24,'Rooms Walls and Glass'!$A$23:$A$30,0), MATCH('Unit 1 a'!W$7,'Rooms Walls and Glass'!$D$1:$AB$1,0)))) | X24: =IF(W24="","-",W24*$G24) -> - | Y24: =IF(Y$7="","",IF(INDEX('Rooms Walls and Glass'!$D$23:$AB$30, MATCH($D24,'Rooms Walls and Glass'!$A$23:$A$30,0), MATCH('Unit 1 a'!Y$7,'Rooms Walls and Glass'!$D$1:$AB$1,0))=0,"",INDEX('Rooms Walls and Glass'!$D$23:$AB$30, MATCH($D24,'Rooms Walls and Glass'!$A$23:$A$30,0), MATCH('Unit 1 a'!Y$7,'Rooms Walls and Glass'!$D$1:$AB$1,0)))) | Z24: =IF(Y24="","-",Y24*$G24) -> - | AA24: =IF(AA$7="","",IF(INDEX('Rooms Walls and Glass'!$D$23:$AB$30, MATCH($D24,'Rooms Walls and Glass'!$A$23:$A$30,0), MATCH('Unit 1 a'!AA$7,'Rooms Walls and Glass'!$D$1:$AB$1,0))=0,"",INDEX('Rooms Walls and Glass'!$D$23:$AB$30, MATCH($D24,'Rooms Walls and Glass'!$A$23:$A$30,0), MATCH('Unit 1 a'!AA$7,'Rooms Walls and Glass'!$D$1:$AB$1,0)))) | AB24: =IF(AA24="","-",AA24*$G24) -> - | AC24: =IF(AC$7="","",IF(INDEX('Rooms Walls and Glass'!$D$23:$AB$30, MATCH($D24,'Rooms Walls and Glass'!$A$23:$A$30,0), MATCH('Unit 1 a'!AC$7,'Rooms Walls and Glass'!$D$1:$AB$1,0))=0,"",INDEX('Rooms Walls and Glass'!$D$23:$AB$30, MATCH($D24,'Rooms Walls and Glass'!$A$23:$A$30,0), MATCH('Unit 1 a'!AC$7,'Rooms Walls and Glass'!$D$1:$AB$1,0)))) | AD24: =IF(AC24="","-",AC24*$G24) -> - | AE24: =IF(AE$7="","",IF(INDEX('Rooms Walls and Glass'!$D$23:$AB$30, MATCH($D24,'Rooms Walls and Glass'!$A$23:$A$30,0), MATCH('Unit 1 a'!AE$7,'Rooms Walls and Glass'!$D$1:$AB$1,0))=0,"",INDEX('Rooms Walls and Glass'!$D$23:$AB$30, MATCH($D24,'Rooms Walls and Glass'!$A$23:$A$30,0), MATCH('Unit 1 a'!AE$7,'Rooms Walls and Glass'!$D$1:$AB$1,0)))) | AF24: =IF(AE24="","-",AE24*$G24) -> - | AG24: =IF(AG$7="","",IF(INDEX('Rooms Walls and Glass'!$D$23:$AB$30, MATCH($D24,'Rooms Walls and Glass'!$A$23:$A$30,0), MATCH('Unit 1 a'!AG$7,'Rooms Walls and Glass'!$D$1:$AB$1,0))=0,"",INDEX('Rooms Walls and Glass'!$D$23:$AB$30, MATCH($D24,'Rooms Walls and Glass'!$A$23:$A$30,0), MATCH('Unit 1 a'!AG$7,'Rooms Walls and Glass'!$D$1:$AB$1,0)))) | AH24: =IF(AG24="","-",AG24*$G24) -> - | AI24: =IF(AI$7="","",IF(INDEX('Rooms Walls and Glass'!$D$23:$AB$30, MATCH($D24,'Rooms Walls and Glass'!$A$23:$A$30,0), MATCH('Unit 1 a'!AI$7,'Rooms Walls and Glass'!$D$1:$AB$1,0))=0,"",INDEX('Rooms Walls and Glass'!$D$23:$AB$30, MATCH($D24,'Rooms Walls and Glass'!$A$23:$A$30,0), MATCH('Unit 1 a'!AI$7,'Rooms Walls and Glass'!$D$1:$AB$1,0)))) | AJ24: =IF(AI24="","-",AI24*$G24) -> - | AK24: =IF(AK$7="","",IF(INDEX('Rooms Walls and Glass'!$D$23:$AB$30, MATCH($D24,'Rooms Walls and Glass'!$A$23:$A$30,0), MATCH('Unit 1 a'!AK$7,'Rooms Walls and Glass'!$D$1:$AB$1,0))=0,"",INDEX('Rooms Walls and Glass'!$D$23:$AB$30, MATCH($D24,'Rooms Walls and Glass'!$A$23:$A$30,0), MATCH('Unit 1 a'!AK$7,'Rooms Walls and Glass'!$D$1:$AB$1,0)))) | AL24: =IF(AK24="","-",AK24*$G24) -> - | AM24: =IF(AM$7="","",IF(INDEX('Rooms Walls and Glass'!$D$23:$AB$30, MATCH($D24,'Rooms Walls and Glass'!$A$23:$A$30,0), MATCH('Unit 1 a'!AM$7,'Rooms Walls and Glass'!$D$1:$AB$1,0))=0,"",INDEX('Rooms Walls and Glass'!$D$23:$AB$30, MATCH($D24,'Rooms Walls and Glass'!$A$23:$A$30,0), MATCH('Unit 1 a'!AM$7,'Rooms Walls and Glass'!$D$1:$AB$1,0)))) | AN24: =IF(AM24="","-",AM24*$G24) -> - | AO24: =IF(AO$7="","",IF(INDEX('Rooms Walls and Glass'!$D$23:$AB$30, MATCH($D24,'Rooms Walls and Glass'!$A$23:$A$30,0), MATCH('Unit 1 a'!AO$7,'Rooms Walls and Glass'!$D$1:$AB$1,0))=0,"",INDEX('Rooms Walls and Glass'!$D$23:$AB$30, MATCH($D24,'Rooms Walls and Glass'!$A$23:$A$30,0), MATCH('Unit 1 a'!AO$7,'Rooms Walls and Glass'!$D$1:$AB$1,0)))) | AP24: =IF(AO24="","-",AO24*$G24) -> -
C25: W1 | D25: ='Rooms Walls and Glass'!A27 -> SouthEast | E25: =INDEX('Glass CLF Calculation'!$A$20:$G$27,MATCH('Unit 1 a'!D25,'Glass CLF Calculation'!$A$20:$A$27,0),7) -> 21 | F25: =INDEX(Summary!$F$19:$F$30,MATCH('Unit 1 a'!C25,Summary!$D$19:$D$30,0)) -> 0.077 | G25: =F25*E25 -> 1.617 | H25: Btu/hr-sf | I25: =SUM(K25,M25,O25,Q25,U25,W25,Y25,AA25,AC25,AE25,AG25,AI25,S25,AK25,AM25,AO25) -> 383 | J25: =IF(I25="","-",I25*$G25) -> 619.311 | K25: =IF(K$7="","",IF(INDEX('Rooms Walls and Glass'!$D$23:$AB$30, MATCH($D25,'Rooms Walls and Glass'!$A$23:$A$30,0), MATCH('Unit 1 a'!K$7,'Rooms Walls and Glass'!$D$1:$AB$1,0))=0,"",INDEX('Rooms Walls and Glass'!$D$23:$AB$30, MATCH($D25,'Rooms Walls and Glass'!$A$23:$A$30,0), MATCH('Unit 1 a'!K$7,'Rooms Walls and Glass'!$D$1:$AB$1,0)))) | L25: =IF(K25="","-",K25*$G25) -> - | M25: =IF(M$7="","",IF(INDEX('Rooms Walls and Glass'!$D$23:$AB$30, MATCH($D25,'Rooms Walls and Glass'!$A$23:$A$30,0), MATCH('Unit 1 a'!M$7,'Rooms Walls and Glass'!$D$1:$AB$1,0))=0,"",INDEX('Rooms Walls and Glass'!$D$23:$AB$30, MATCH($D25,'Rooms Walls and Glass'!$A$23:$A$30,0), MATCH('Unit 1 a'!M$7,'Rooms Walls and Glass'!$D$1:$AB$1,0)))) | N25: =IF(M25="","-",M25*$G25) -> - | O25: =IF(O$7="","",IF(INDEX('Rooms Walls and Glass'!$D$23:$AB$30, MATCH($D25,'Rooms Walls and Glass'!$A$23:$A$30,0), MATCH('Unit 1 a'!O$7,'Rooms Walls and Glass'!$D$1:$AB$1,0))=0,"",INDEX('Rooms Walls and Glass'!$D$23:$AB$30, MATCH($D25,'Rooms Walls and Glass'!$A$23:$A$30,0), MATCH('Unit 1 a'!O$7,'Rooms Walls and Glass'!$D$1:$AB$1,0)))) -> 138 | P25: =IF(O25="","-",O25*$G25) -> 223.146 | Q25: =IF(Q$7="","",IF(INDEX('Rooms Walls and Glass'!$D$23:$AB$30, MATCH($D25,'Rooms Walls and Glass'!$A$23:$A$30,0), MATCH('Unit 1 a'!Q$7,'Rooms Walls and Glass'!$D$1:$AB$1,0))=0,"",INDEX('Rooms Walls and Glass'!$D$23:$AB$30, MATCH($D25,'Rooms Walls and Glass'!$A$23:$A$30,0), MATCH('Unit 1 a'!Q$7,'Rooms Walls and Glass'!$D$1:$AB$1,0)))) -> 60 | R25: =IF(Q25="","-",Q25*$G25) -> 97.02 | S25: =IF(S$7="","",IF(INDEX('Rooms Walls and Glass'!$D$23:$AB$30, MATCH($D25,'Rooms Walls and Glass'!$A$23:$A$30,0), MATCH('Unit 1 a'!S$7,'Rooms Walls and Glass'!$D$1:$AB$1,0))=0,"",INDEX('Rooms Walls and Glass'!$D$23:$AB$30, MATCH($D25,'Rooms Walls and Glass'!$A$23:$A$30,0), MATCH('Unit 1 a'!S$7,'Rooms Walls and Glass'!$D$1:$AB$1,0)))) -> 62 | T25: =IF(S25="","-",S25*$G25) -> 100.254 | U25: =IF(U$7="","",IF(INDEX('Rooms Walls and Glass'!$D$23:$AB$30, MATCH($D25,'Rooms Walls and Glass'!$A$23:$A$30,0), MATCH('Unit 1 a'!U$7,'Rooms Walls and Glass'!$D$1:$AB$1,0))=0,"",INDEX('Rooms Walls and Glass'!$D$23:$AB$30, MATCH($D25,'Rooms Walls and Glass'!$A$23:$A$30,0), MATCH('Unit 1 a'!U$7,'Rooms Walls and Glass'!$D$1:$AB$1,0)))) -> 29 | V25: =IF(U25="","-",U25*$G25) -> 46.893 | W25: =IF(W$7="","",IF(INDEX('Rooms Walls and Glass'!$D$23:$AB$30, MATCH($D25,'Rooms Walls and Glass'!$A$23:$A$30,0), MATCH('Unit 1 a'!W$7,'Rooms Walls and Glass'!$D$1:$AB$1,0))=0,"",INDEX('Rooms Walls and Glass'!$D$23:$AB$30, MATCH($D25,'Rooms Walls and Glass'!$A$23:$A$30,0), MATCH('Unit 1 a'!W$7,'Rooms Walls and Glass'!$D$1:$AB$1,0)))) -> 94 | X25: =IF(W25="","-",W25*$G25) -> 151.998 | Y25: =IF(Y$7="","",IF(INDEX('Rooms Walls and Glass'!$D$23:$AB$30, MATCH($D25,'Rooms Walls and Glass'!$A$23:$A$30,0), MATCH('Unit 1 a'!Y$7,'Rooms Walls and Glass'!$D$1:$AB$1,0))=0,"",INDEX('Rooms Walls and Glass'!$D$23:$AB$30, MATCH($D25,'Rooms Walls and Glass'!$A$23:$A$30,0), MATCH('Unit 1 a'!Y$7,'Rooms Walls and Glass'!$D$1:$AB$1,0)))) | Z25: =IF(Y25="","-",Y25*$G25) -> - | AA25: =IF(AA$7="","",IF(INDEX('Rooms Walls and Glass'!$D$23:$AB$30, MATCH($D25,'Rooms Walls and Glass'!$A$23:$A$30,0), MATCH('Unit 1 a'!AA$7,'Rooms Walls and Glass'!$D$1:$AB$1,0))=0,"",INDEX('Rooms Walls and Glass'!$D$23:$AB$30, MATCH($D25,'Rooms Walls and Glass'!$A$23:$A$30,0), MATCH('Unit 1 a'!AA$7,'Rooms Walls and Glass'!$D$1:$AB$1,0)))) | AB25: =IF(AA25="","-",AA25*$G25) -> - | AC25: =IF(AC$7="","",IF(INDEX('Rooms Walls and Glass'!$D$23:$AB$30, MATCH($D25,'Rooms Walls and Glass'!$A$23:$A$30,0), MATCH('Unit 1 a'!AC$7,'Rooms Walls and Glass'!$D$1:$AB$1,0))=0,"",INDEX('Rooms Walls and Glass'!$D$23:$AB$30, MATCH($D25,'Rooms Walls and Glass'!$A$23:$A$30,0), MATCH('Unit 1 a'!AC$7,'Rooms Walls and Glass'!$D$1:$AB$1,0)))) | AD25: =IF(AC25="","-",AC25*$G25) -> - | AE25: =IF(AE$7="","",IF(INDEX('Rooms Walls and Glass'!$D$23:$AB$30, MATCH($D25,'Rooms Walls and Glass'!$A$23:$A$30,0), MATCH('Unit 1 a'!AE$7,'Rooms Walls and Glass'!$D$1:$AB$1,0))=0,"",INDEX('Rooms Walls and Glass'!$D$23:$AB$30, MATCH($D25,'Rooms Walls and Glass'!$A$23:$A$30,0), MATCH('Unit 1 a'!AE$7,'Rooms Walls and Glass'!$D$1:$AB$1,0)))) | AF25: =IF(AE25="","-",AE25*$G25) -> - | AG25: =IF(AG$7="","",IF(INDEX('Rooms Walls and Glass'!$D$23:$AB$30, MATCH($D25,'Rooms Walls and Glass'!$A$23:$A$30,0), MATCH('Unit 1 a'!AG$7,'Rooms Walls and Glass'!$D$1:$AB$1,0))=0,"",INDEX('Rooms Walls and Glass'!$D$23:$AB$30, MATCH($D25,'Rooms Walls and Glass'!$A$23:$A$30,0), MATCH('Unit 1 a'!AG$7,'Rooms Walls and Glass'!$D$1:$AB$1,0)))) | AH25: =IF(AG25="","-",AG25*$G25) -> - | AI25: =IF(AI$7="","",IF(INDEX('Rooms Walls and Glass'!$D$23:$AB$30, MATCH($D25,'Rooms Walls and Glass'!$A$23:$A$30,0), MATCH('Unit 1 a'!AI$7,'Rooms Walls and Glass'!$D$1:$AB$1,0))=0,"",INDEX('Rooms Walls and Glass'!$D$23:$AB$30, MATCH($D25,'Rooms Walls and Glass'!$A$23:$A$30,0), MATCH('Unit 1 a'!AI$7,'Rooms Walls and Glass'!$D$1:$AB$1,0)))) | AJ25: =IF(AI25="","-",AI25*$G25) -> - | AK25: =IF(AK$7="","",IF(INDEX('Rooms Walls and Glass'!$D$23:$AB$30, MATCH($D25,'Rooms Walls and Glass'!$A$23:$A$30,0), MATCH('Unit 1 a'!AK$7,'Rooms Walls and Glass'!$D$1:$AB$1,0))=0,"",INDEX('Rooms Walls and Glass'!$D$23:$AB$30, MATCH($D25,'Rooms Walls and Glass'!$A$23:$A$30,0), MATCH('Unit 1 a'!AK$7,'Rooms Walls and Glass'!$D$1:$AB$1,0)))) | AL25: =IF(AK25="","-",AK25*$G25) -> - | AM25: =IF(AM$7="","",IF(INDEX('Rooms Walls and Glass'!$D$23:$AB$30, MATCH($D25,'Rooms Walls and Glass'!$A$23:$A$30,0), MATCH('Unit 1 a'!AM$7,'Rooms Walls and Glass'!$D$1:$AB$1,0))=0,"",INDEX('Rooms Walls and Glass'!$D$23:$AB$30, MATCH($D25,'Rooms Walls and Glass'!$A$23:$A$30,0), MATCH('Unit 1 a'!AM$7,'Rooms Walls and Glass'!$D$1:$AB$1,0)))) | AN25: =IF(AM25="","-",AM25*$G25) -> - | AO25: =IF(AO$7="","",IF(INDEX('Rooms Walls and Glass'!$D$23:$AB$30, MATCH($D25,'Rooms Walls and Glass'!$A$23:$A$30,0), MATCH('Unit 1 a'!AO$7,'Rooms Walls and Glass'!$D$1:$AB$1,0))=0,"",INDEX('Rooms Walls and Glass'!$D$23:$AB$30, MATCH($D25,'Rooms Walls and Glass'!$A$23:$A$30,0), MATCH('Unit 1 a'!AO$7,'Rooms Walls and Glass'!$D$1:$AB$1,0)))) | AP25: =IF(AO25="","-",AO25*$G25) -> -
C26: W1 | D26: ='Rooms Walls and Glass'!A28 -> South | E26: =INDEX('Glass CLF Calculation'!$A$20:$G$27,MATCH('Unit 1 a'!D26,'Glass CLF Calculation'!$A$20:$A$27,0),7) -> 16 | F26: =INDEX(Summary!$F$19:$F$30,MATCH('Unit 1 a'!C26,Summary!$D$19:$D$30,0)) -> 0.077 | G26: =F26*E26 -> 1.232 | H26: Btu/hr-sf | I26: =SUM(K26,M26,O26,Q26,U26,W26,Y26,AA26,AC26,AE26,AG26,AI26,S26,AK26,AM26,AO26) -> 0 | J26: =IF(I26="","-",I26*$G26) -> 0 | K26: =IF(K$7="","",IF(INDEX('Rooms Walls and Glass'!$D$23:$AB$30, MATCH($D26,'Rooms Walls and Glass'!$A$23:$A$30,0), MATCH('Unit 1 a'!K$7,'Rooms Walls and Glass'!$D$1:$AB$1,0))=0,"",INDEX('Rooms Walls and Glass'!$D$23:$AB$30, MATCH($D26,'Rooms Walls and Glass'!$A$23:$A$30,0), MATCH('Unit 1 a'!K$7,'Rooms Walls and Glass'!$D$1:$AB$1,0)))) | L26: =IF(K26="","-",K26*$G26) -> - | M26: =IF(M$7="","",IF(INDEX('Rooms Walls and Glass'!$D$23:$AB$30, MATCH($D26,'Rooms Walls and Glass'!$A$23:$A$30,0), MATCH('Unit 1 a'!M$7,'Rooms Walls and Glass'!$D$1:$AB$1,0))=0,"",INDEX('Rooms Walls and Glass'!$D$23:$AB$30, MATCH($D26,'Rooms Walls and Glass'!$A$23:$A$30,0), MATCH('Unit 1 a'!M$7,'Rooms Walls and Glass'!$D$1:$AB$1,0)))) | N26: =IF(M26="","-",M26*$G26) -> - | O26: =IF(O$7="","",IF(INDEX('Rooms Walls and Glass'!$D$23:$AB$30, MATCH($D26,'Rooms Walls and Glass'!$A$23:$A$30,0), MATCH('Unit 1 a'!O$7,'Rooms Walls and Glass'!$D$1:$AB$1,0))=0,"",INDEX('Rooms Walls and Glass'!$D$23:$AB$30, MATCH($D26,'Rooms Walls and Glass'!$A$23:$A$30,0), MATCH('Unit 1 a'!O$7,'Rooms Walls and Glass'!$D$1:$AB$1,0)))) | P26: =IF(O26="","-",O26*$G26) -> - | Q26: =IF(Q$7="","",IF(INDEX('Rooms Walls and Glass'!$D$23:$AB$30, MATCH($D26,'Rooms Walls and Glass'!$A$23:$A$30,0), MATCH('Unit 1 a'!Q$7,'Rooms Walls and Glass'!$D$1:$AB$1,0))=0,"",INDEX('Rooms Walls and Glass'!$D$23:$AB$30, MATCH($D26,'Rooms Walls and Glass'!$A$23:$A$30,0), MATCH('Unit 1 a'!Q$7,'Rooms Walls and Glass'!$D$1:$AB$1,0)))) | R26: =IF(Q26="","-",Q26*$G26) -> - | S26: =IF(S$7="","",IF(INDEX('Rooms Walls and Glass'!$D$23:$AB$30, MATCH($D26,'Rooms Walls and Glass'!$A$23:$A$30,0), MATCH('Unit 1 a'!S$7,'Rooms Walls and Glass'!$D$1:$AB$1,0))=0,"",INDEX('Rooms Walls and Glass'!$D$23:$AB$30, MATCH($D26,'Rooms Walls and Glass'!$A$23:$A$30,0), MATCH('Unit 1 a'!S$7,'Rooms Walls and Glass'!$D$1:$AB$1,0)))) | T26: =IF(S26="","-",S26*$G26) -> - | U26: =IF(U$7="","",IF(INDEX('Rooms Walls and Glass'!$D$23:$AB$30, MATCH($D26,'Rooms Walls and Glass'!$A$23:$A$30,0), MATCH('Unit 1 a'!U$7,'Rooms Walls and Glass'!$D$1:$AB$1,0))=0,"",INDEX('Rooms Walls and Glass'!$D$23:$AB$30, MATCH($D26,'Rooms Walls and Glass'!$A$23:$A$30,0), MATCH('Unit 1 a'!U$7,'Rooms Walls and Glass'!$D$1:$AB$1,0)))) | V26: =IF(U26="","-",U26*$G26) -> - | W26: =IF(W$7="","",IF(INDEX('Rooms Walls and Glass'!$D$23:$AB$30, MATCH($D26,'Rooms Walls and Glass'!$A$23:$A$30,0), MATCH('Unit 1 a'!W$7,'Rooms Walls and Glass'!$D$1:$AB$1,0))=0,"",INDEX('Rooms Walls and Glass'!$D$23:$AB$30, MATCH($D26,'Rooms Walls and Glass'!$A$23:$A$30,0), MATCH('Unit 1 a'!W$7,'Rooms Walls and Glass'!$D$1:$AB$1,0)))) | X26: =IF(W26="","-",W26*$G26) -> - | Y26: =IF(Y$7="","",IF(INDEX('Rooms Walls and Glass'!$D$23:$AB$30, MATCH($D26,'Rooms Walls and Glass'!$A$23:$A$30,0), MATCH('Unit 1 a'!Y$7,'Rooms Walls and Glass'!$D$1:$AB$1,0))=0,"",INDEX('Rooms Walls and Glass'!$D$23:$AB$30, MATCH($D26,'Rooms Walls and Glass'!$A$23:$A$30,0), MATCH('Unit 1 a'!Y$7,'Rooms Walls and Glass'!$D$1:$AB$1,0)))) | Z26: =IF(Y26="","-",Y26*$G26) -> - | AA26: =IF(AA$7="","",IF(INDEX('Rooms Walls and Glass'!$D$23:$AB$30, MATCH($D26,'Rooms Walls and Glass'!$A$23:$A$30,0), MATCH('Unit 1 a'!AA$7,'Rooms Walls and Glass'!$D$1:$AB$1,0))=0,"",INDEX('Rooms Walls and Glass'!$D$23:$AB$30, MATCH($D26,'Rooms Walls and Glass'!$A$23:$A$30,0), MATCH('Unit 1 a'!AA$7,'Rooms Walls and Glass'!$D$1:$AB$1,0)))) | AB26: =IF(AA26="","-",AA26*$G26) -> - | AC26: =IF(AC$7="","",IF(INDEX('Rooms Walls and Glass'!$D$23:$AB$30, MATCH($D26,'Rooms Walls and Glass'!$A$23:$A$30,0), MATCH('Unit 1 a'!AC$7,'Rooms Walls and Glass'!$D$1:$AB$1,0))=0,"",INDEX('Rooms Walls and Glass'!$D$23:$AB$30, MATCH($D26,'Rooms Walls and Glass'!$A$23:$A$30,0), MATCH('Unit 1 a'!AC$7,'Rooms Walls and Glass'!$D$1:$AB$1,0)))) | AD26: =IF(AC26="","-",AC26*$G26) -> - | AE26: =IF(AE$7="","",IF(INDEX('Rooms Walls and Glass'!$D$23:$AB$30, MATCH($D26,'Rooms Walls and Glass'!$A$23:$A$30,0), MATCH('Unit 1 a'!AE$7,'Rooms Walls and Glass'!$D$1:$AB$1,0))=0,"",INDEX('Rooms Walls and Glass'!$D$23:$AB$30, MATCH($D26,'Rooms Walls and Glass'!$A$23:$A$30,0), MATCH('Unit 1 a'!AE$7,'Rooms Walls and Glass'!$D$1:$AB$1,0)))) | AF26: =IF(AE26="","-",AE26*$G26) -> - | AG26: =IF(AG$7="","",IF(INDEX('Rooms Walls and Glass'!$D$23:$AB$30, MATCH($D26,'Rooms Walls and Glass'!$A$23:$A$30,0), MATCH('Unit 1 a'!AG$7,'Rooms Walls and Glass'!$D$1:$AB$1,0))=0,"",INDEX('Rooms Walls and Glass'!$D$23:$AB$30, MATCH($D26,'Rooms Walls and Glass'!$A$23:$A$30,0), MATCH('Unit 1 a'!AG$7,'Rooms Walls and Glass'!$D$1:$AB$1,0)))) | AH26: =IF(AG26="","-",AG26*$G26) -> - | AI26: =IF(AI$7="","",IF(INDEX('Rooms Walls and Glass'!$D$23:$AB$30, MATCH($D26,'Rooms Walls and Glass'!$A$23:$A$30,0), MATCH('Unit 1 a'!AI$7,'Rooms Walls and Glass'!$D$1:$AB$1,0))=0,"",INDEX('Rooms Walls and Glass'!$D$23:$AB$30, MATCH($D26,'Rooms Walls and Glass'!$A$23:$A$30,0), MATCH('Unit 1 a'!AI$7,'Rooms Walls and Glass'!$D$1:$AB$1,0)))) | AJ26: =IF(AI26="","-",AI26*$G26) -> - | AK26: =IF(AK$7="","",IF(INDEX('Rooms Walls and Glass'!$D$23:$AB$30, MATCH($D26,'Rooms Walls and Glass'!$A$23:$A$30,0), MATCH('Unit 1 a'!AK$7,'Rooms Walls and Glass'!$D$1:$AB$1,0))=0,"",INDEX('Rooms Walls and Glass'!$D$23:$AB$30, MATCH($D26,'Rooms Walls and Glass'!$A$23:$A$30,0), MATCH('Unit 1 a'!AK$7,'Rooms Walls and Glass'!$D$1:$AB$1,0)))) | AL26: =IF(AK26="","-",AK26*$G26) -> - | AM26: =IF(AM$7="","",IF(INDEX('Rooms Walls and Glass'!$D$23:$AB$30, MATCH($D26,'Rooms Walls and Glass'!$A$23:$A$30,0), MATCH('Unit 1 a'!AM$7,'Rooms Walls and Glass'!$D$1:$AB$1,0))=0,"",INDEX('Rooms Walls and Glass'!$D$23:$AB$30, MATCH($D26,'Rooms Walls and Glass'!$A$23:$A$30,0), MATCH('Unit 1 a'!AM$7,'Rooms Walls and Glass'!$D$1:$AB$1,0)))) | AN26: =IF(AM26="","-",AM26*$G26) -> - | AO26: =IF(AO$7="","",IF(INDEX('Rooms Walls and Glass'!$D$23:$AB$30, MATCH($D26,'Rooms Walls and Glass'!$A$23:$A$30,0), MATCH('Unit 1 a'!AO$7,'Rooms Walls and Glass'!$D$1:$AB$1,0))=0,"",INDEX('Rooms Walls and Glass'!$D$23:$AB$30, MATCH($D26,'Rooms Walls and Glass'!$A$23:$A$30,0), MATCH('Unit 1 a'!AO$7,'Rooms Walls and Glass'!$D$1:$AB$1,0)))) | AP26: =IF(AO26="","-",AO26*$G26) -> -
C27: W1 | D27: ='Rooms Walls and Glass'!A29 -> SouthWest | E27: =INDEX('Glass CLF Calculation'!$A$20:$G$27,MATCH('Unit 1 a'!D27,'Glass CLF Calculation'!$A$20:$A$27,0),7) -> 21 | F27: =INDEX(Summary!$F$19:$F$30,MATCH('Unit 1 a'!C27,Summary!$D$19:$D$30,0)) -> 0.077 | G27: =F27*E27 -> 1.617 | H27: Btu/hr-sf | I27: =SUM(K27,M27,O27,Q27,U27,W27,Y27,AA27,AC27,AE27,AG27,AI27,S27,AK27,AM27,AO27) -> 209 | J27: =IF(I27="","-",I27*$G27) -> 337.953 | K27: =IF(K$7="","",IF(INDEX('Rooms Walls and Glass'!$D$23:$AB$30, MATCH($D27,'Rooms Walls and Glass'!$A$23:$A$30,0), MATCH('Unit 1 a'!K$7,'Rooms Walls and Glass'!$D$1:$AB$1,0))=0,"",INDEX('Rooms Walls and Glass'!$D$23:$AB$30, MATCH($D27,'Rooms Walls and Glass'!$A$23:$A$30,0), MATCH('Unit 1 a'!K$7,'Rooms Walls and Glass'!$D$1:$AB$1,0)))) | L27: =IF(K27="","-",K27*$G27) -> - | M27: =IF(M$7="","",IF(INDEX('Rooms Walls and Glass'!$D$23:$AB$30, MATCH($D27,'Rooms Walls and Glass'!$A$23:$A$30,0), MATCH('Unit 1 a'!M$7,'Rooms Walls and Glass'!$D$1:$AB$1,0))=0,"",INDEX('Rooms Walls and Glass'!$D$23:$AB$30, MATCH($D27,'Rooms Walls and Glass'!$A$23:$A$30,0), MATCH('Unit 1 a'!M$7,'Rooms Walls and Glass'!$D$1:$AB$1,0)))) | N27: =IF(M27="","-",M27*$G27) -> - | O27: =IF(O$7="","",IF(INDEX('Rooms Walls and Glass'!$D$23:$AB$30, MATCH($D27,'Rooms Walls and Glass'!$A$23:$A$30,0), MATCH('Unit 1 a'!O$7,'Rooms Walls and Glass'!$D$1:$AB$1,0))=0,"",INDEX('Rooms Walls and Glass'!$D$23:$AB$30, MATCH($D27,'Rooms Walls and Glass'!$A$23:$A$30,0), MATCH('Unit 1 a'!O$7,'Rooms Walls and Glass'!$D$1:$AB$1,0)))) | P27: =IF(O27="","-",O27*$G27) -> - | Q27: =IF(Q$7="","",IF(INDEX('Rooms Walls and Glass'!$D$23:$AB$30, MATCH($D27,'Rooms Walls and Glass'!$A$23:$A$30,0), MATCH('Unit 1 a'!Q$7,'Rooms Walls and Glass'!$D$1:$AB$1,0))=0,"",INDEX('Rooms Walls and Glass'!$D$23:$AB$30, MATCH($D27,'Rooms Walls and Glass'!$A$23:$A$30,0), MATCH('Unit 1 a'!Q$7,'Rooms Walls and Glass'!$D$1:$AB$1,0)))) | R27: =IF(Q27="","-",Q27*$G27) -> - | S27: =IF(S$7="","",IF(INDEX('Rooms Walls and Glass'!$D$23:$AB$30, MATCH($D27,'Rooms Walls and Glass'!$A$23:$A$30,0), MATCH('Unit 1 a'!S$7,'Rooms Walls and Glass'!$D$1:$AB$1,0))=0,"",INDEX('Rooms Walls and Glass'!$D$23:$AB$30, MATCH($D27,'Rooms Walls and Glass'!$A$23:$A$30,0), MATCH('Unit 1 a'!S$7,'Rooms Walls and Glass'!$D$1:$AB$1,0)))) | T27: =IF(S27="","-",S27*$G27) -> - | U27: =IF(U$7="","",IF(INDEX('Rooms Walls and Glass'!$D$23:$AB$30, MATCH($D27,'Rooms Walls and Glass'!$A$23:$A$30,0), MATCH('Unit 1 a'!U$7,'Rooms Walls and Glass'!$D$1:$AB$1,0))=0,"",INDEX('Rooms Walls and Glass'!$D$23:$AB$30, MATCH($D27,'Rooms Walls and Glass'!$A$23:$A$30,0), MATCH('Unit 1 a'!U$7,'Rooms Walls and Glass'!$D$1:$AB$1,0)))) | V27: =IF(U27="","-",U27*$G27) -> - | W27: =IF(W$7="","",IF(INDEX('Rooms Walls and Glass'!$D$23:$AB$30, MATCH($D27,'Rooms Walls and Glass'!$A$23:$A$30,0), MATCH('Unit 1 a'!W$7,'Rooms Walls and Glass'!$D$1:$AB$1,0))=0,"",INDEX('Rooms Walls and Glass'!$D$23:$AB$30, MATCH($D27,'Rooms Walls and Glass'!$A$23:$A$30,0), MATCH('Unit 1 a'!W$7,'Rooms Walls and Glass'!$D$1:$AB$1,0)))) -> 94 | X27: =IF(W27="","-",W27*$G27) -> 151.998 | Y27: =IF(Y$7="","",IF(INDEX('Rooms Walls and Glass'!$D$23:$AB$30, MATCH($D27,'Rooms Walls and Glass'!$A$23:$A$30,0), MATCH('Unit 1 a'!Y$7,'Rooms Walls and Glass'!$D$1:$AB$1,0))=0,"",INDEX('Rooms Walls and Glass'!$D$23:$AB$30, MATCH($D27,'Rooms Walls and Glass'!$A$23:$A$30,0), MATCH('Unit 1 a'!Y$7,'Rooms Walls and Glass'!$D$1:$AB$1,0)))) -> 42 | Z27: =IF(Y27="","-",Y27*$G27) -> 67.914 | AA27: =IF(AA$7="","",IF(INDEX('Rooms Walls and Glass'!$D$23:$AB$30, MATCH($D27,'Rooms Walls and Glass'!$A$23:$A$30,0), MATCH('Unit 1 a'!AA$7,'Rooms Walls and Glass'!$D$1:$AB$1,0))=0,"",INDEX('Rooms Walls and Glass'!$D$23:$AB$30, MATCH($D27,'Rooms Walls and Glass'!$A$23:$A$30,0), MATCH('Unit 1 a'!AA$7,'Rooms Walls and Glass'!$D$1:$AB$1,0)))) -> 73 | AB27: =IF(AA27="","-",AA27*$G27) -> 118.041 | AC27: =IF(AC$7="","",IF(INDEX('Rooms Walls and Glass'!$D$23:$AB$30, MATCH($D27,'Rooms Walls and Glass'!$A$23:$A$30,0), MATCH('Unit 1 a'!AC$7,'Rooms Walls and Glass'!$D$1:$AB$1,0))=0,"",INDEX('Rooms Walls and Glass'!$D$23:$AB$30, MATCH($D27,'Rooms Walls and Glass'!$A$23:$A$30,0), MATCH('Unit 1 a'!AC$7,'Rooms Walls and Glass'!$D$1:$AB$1,0)))) | AD27: =IF(AC27="","-",AC27*$G27) -> - | AE27: =IF(AE$7="","",IF(INDEX('Rooms Walls and Glass'!$D$23:$AB$30, MATCH($D27,'Rooms Walls and Glass'!$A$23:$A$30,0), MATCH('Unit 1 a'!AE$7,'Rooms Walls and Glass'!$D$1:$AB$1,0))=0,"",INDEX('Rooms Walls and Glass'!$D$23:$AB$30, MATCH($D27,'Rooms Walls and Glass'!$A$23:$A$30,0), MATCH('Unit 1 a'!AE$7,'Rooms Walls and Glass'!$D$1:$AB$1,0)))) | AF27: =IF(AE27="","-",AE27*$G27) -> - | AG27: =IF(AG$7="","",IF(INDEX('Rooms Walls and Glass'!$D$23:$AB$30, MATCH($D27,'Rooms Walls and Glass'!$A$23:$A$30,0), MATCH('Unit 1 a'!AG$7,'Rooms Walls and Glass'!$D$1:$AB$1,0))=0,"",INDEX('Rooms Walls and Glass'!$D$23:$AB$30, MATCH($D27,'Rooms Walls and Glass'!$A$23:$A$30,0), MATCH('Unit 1 a'!AG$7,'Rooms Walls and Glass'!$D$1:$AB$1,0)))) | AH27: =IF(AG27="","-",AG27*$G27) -> - | AI27: =IF(AI$7="","",IF(INDEX('Rooms Walls and Glass'!$D$23:$AB$30, MATCH($D27,'Rooms Walls and Glass'!$A$23:$A$30,0), MATCH('Unit 1 a'!AI$7,'Rooms Walls and Glass'!$D$1:$AB$1,0))=0,"",INDEX('Rooms Walls and Glass'!$D$23:$AB$30, MATCH($D27,'Rooms Walls and Glass'!$A$23:$A$30,0), MATCH('Unit 1 a'!AI$7,'Rooms Walls and Glass'!$D$1:$AB$1,0)))) | AJ27: =IF(AI27="","-",AI27*$G27) -> - | AK27: =IF(AK$7="","",IF(INDEX('Rooms Walls and Glass'!$D$23:$AB$30, MATCH($D27,'Rooms Walls and Glass'!$A$23:$A$30,0), MATCH('Unit 1 a'!AK$7,'Rooms Walls and Glass'!$D$1:$AB$1,0))=0,"",INDEX('Rooms Walls and Glass'!$D$23:$AB$30, MATCH($D27,'Rooms Walls and Glass'!$A$23:$A$30,0), MATCH('Unit 1 a'!AK$7,'Rooms Walls and Glass'!$D$1:$AB$1,0)))) | AL27: =IF(AK27="","-",AK27*$G27) -> - | AM27: =IF(AM$7="","",IF(INDEX('Rooms Walls and Glass'!$D$23:$AB$30, MATCH($D27,'Rooms Walls and Glass'!$A$23:$A$30,0), MATCH('Unit 1 a'!AM$7,'Rooms Walls and Glass'!$D$1:$AB$1,0))=0,"",INDEX('Rooms Walls and Glass'!$D$23:$AB$30, MATCH($D27,'Rooms Walls and Glass'!$A$23:$A$30,0), MATCH('Unit 1 a'!AM$7,'Rooms Walls and Glass'!$D$1:$AB$1,0)))) | AN27: =IF(AM27="","-",AM27*$G27) -> - | AO27: =IF(AO$7="","",IF(INDEX('Rooms Walls and Glass'!$D$23:$AB$30, MATCH($D27,'Rooms Walls and Glass'!$A$23:$A$30,0), MATCH('Unit 1 a'!AO$7,'Rooms Walls and Glass'!$D$1:$AB$1,0))=0,"",INDEX('Rooms Walls and Glass'!$D$23:$AB$30, MATCH($D27,'Rooms Walls and Glass'!$A$23:$A$30,0), MATCH('Unit 1 a'!AO$7,'Rooms Walls and Glass'!$D$1:$AB$1,0)))) | AP27: =IF(AO27="","-",AO27*$G27) -> -
C28: W1 | D28: ='Rooms Walls and Glass'!A30 -> West | E28: =INDEX('Glass CLF Calculation'!$A$20:$G$27,MATCH('Unit 1 a'!D28,'Glass CLF Calculation'!$A$20:$A$27,0),7) -> 23 | F28: =INDEX(Summary!$F$19:$F$30,MATCH('Unit 1 a'!C28,Summary!$D$19:$D$30,0)) -> 0.077 | G28: =F28*E28 -> 1.771 | H28: Btu/hr-sf | I28: =SUM(K28,M28,O28,Q28,U28,W28,Y28,AA28,AC28,AE28,AG28,AI28,S28,AK28,AM28,AO28) -> 0 | J28: =IF(I28="","-",I28*$G28) -> 0 | K28: =IF(K$7="","",IF(INDEX('Rooms Walls and Glass'!$D$23:$AB$30, MATCH($D28,'Rooms Walls and Glass'!$A$23:$A$30,0), MATCH('Unit 1 a'!K$7,'Rooms Walls and Glass'!$D$1:$AB$1,0))=0,"",INDEX('Rooms Walls and Glass'!$D$23:$AB$30, MATCH($D28,'Rooms Walls and Glass'!$A$23:$A$30,0), MATCH('Unit 1 a'!K$7,'Rooms Walls and Glass'!$D$1:$AB$1,0)))) | L28: =IF(K28="","-",K28*$G28) -> - | M28: =IF(M$7="","",IF(INDEX('Rooms Walls and Glass'!$D$23:$AB$30, MATCH($D28,'Rooms Walls and Glass'!$A$23:$A$30,0), MATCH('Unit 1 a'!M$7,'Rooms Walls and Glass'!$D$1:$AB$1,0))=0,"",INDEX('Rooms Walls and Glass'!$D$23:$AB$30, MATCH($D28,'Rooms Walls and Glass'!$A$23:$A$30,0), MATCH('Unit 1 a'!M$7,'Rooms Walls and Glass'!$D$1:$AB$1,0)))) | N28: =IF(M28="","-",M28*$G28) -> - | O28: =IF(O$7="","",IF(INDEX('Rooms Walls and Glass'!$D$23:$AB$30, MATCH($D28,'Rooms Walls and Glass'!$A$23:$A$30,0), MATCH('Unit 1 a'!O$7,'Rooms Walls and Glass'!$D$1:$AB$1,0))=0,"",INDEX('Rooms Walls and Glass'!$D$23:$AB$30, MATCH($D28,'Rooms Walls and Glass'!$A$23:$A$30,0), MATCH('Unit 1 a'!O$7,'Rooms Walls and Glass'!$D$1:$AB$1,0)))) | P28: =IF(O28="","-",O28*$G28) -> - | Q28: =IF(Q$7="","",IF(INDEX('Rooms Walls and Glass'!$D$23:$AB$30, MATCH($D28,'Rooms Walls and Glass'!$A$23:$A$30,0), MATCH('Unit 1 a'!Q$7,'Rooms Walls and Glass'!$D$1:$AB$1,0))=0,"",INDEX('Rooms Walls and Glass'!$D$23:$AB$30, MATCH($D28,'Rooms Walls and Glass'!$A$23:$A$30,0), MATCH('Unit 1 a'!Q$7,'Rooms Walls and Glass'!$D$1:$AB$1,0)))) | R28: =IF(Q28="","-",Q28*$G28) -> - | S28: =IF(S$7="","",IF(INDEX('Rooms Walls and Glass'!$D$23:$AB$30, MATCH($D28,'Rooms Walls and Glass'!$A$23:$A$30,0), MATCH('Unit 1 a'!S$7,'Rooms Walls and Glass'!$D$1:$AB$1,0))=0,"",INDEX('Rooms Walls and Glass'!$D$23:$AB$30, MATCH($D28,'Rooms Walls and Glass'!$A$23:$A$30,0), MATCH('Unit 1 a'!S$7,'Rooms Walls and Glass'!$D$1:$AB$1,0)))) | T28: =IF(S28="","-",S28*$G28) -> - | U28: =IF(U$7="","",IF(INDEX('Rooms Walls and Glass'!$D$23:$AB$30, MATCH($D28,'Rooms Walls and Glass'!$A$23:$A$30,0), MATCH('Unit 1 a'!U$7,'Rooms Walls and Glass'!$D$1:$AB$1,0))=0,"",INDEX('Rooms Walls and Glass'!$D$23:$AB$30, MATCH($D28,'Rooms Walls and Glass'!$A$23:$A$30,0), MATCH('Unit 1 a'!U$7,'Rooms Walls and Glass'!$D$1:$AB$1,0)))) | V28: =IF(U28="","-",U28*$G28) -> - | W28: =IF(W$7="","",IF(INDEX('Rooms Walls and Glass'!$D$23:$AB$30, MATCH($D28,'Rooms Walls and Glass'!$A$23:$A$30,0), MATCH('Unit 1 a'!W$7,'Rooms Walls and Glass'!$D$1:$AB$1,0))=0,"",INDEX('Rooms Walls and Glass'!$D$23:$AB$30, MATCH($D28,'Rooms Walls and Glass'!$A$23:$A$30,0), MATCH('Unit 1 a'!W$7,'Rooms Walls and Glass'!$D$1:$AB$1,0)))) | X28: =IF(W28="","-",W28*$G28) -> - | Y28: =IF(Y$7="","",IF(INDEX('Rooms Walls and Glass'!$D$23:$AB$30, MATCH($D28,'Rooms Walls and Glass'!$A$23:$A$30,0), MATCH('Unit 1 a'!Y$7,'Rooms Walls and Glass'!$D$1:$AB$1,0))=0,"",INDEX('Rooms Walls and Glass'!$D$23:$AB$30, MATCH($D28,'Rooms Walls and Glass'!$A$23:$A$30,0), MATCH('Unit 1 a'!Y$7,'Rooms Walls and Glass'!$D$1:$AB$1,0)))) | Z28: =IF(Y28="","-",Y28*$G28) -> - | AA28: =IF(AA$7="","",IF(INDEX('Rooms Walls and Glass'!$D$23:$AB$30, MATCH($D28,'Rooms Walls and Glass'!$A$23:$A$30,0), MATCH('Unit 1 a'!AA$7,'Rooms Walls and Glass'!$D$1:$AB$1,0))=0,"",INDEX('Rooms Walls and Glass'!$D$23:$AB$30, MATCH($D28,'Rooms Walls and Glass'!$A$23:$A$30,0), MATCH('Unit 1 a'!AA$7,'Rooms Walls and Glass'!$D$1:$AB$1,0)))) | AB28: =IF(AA28="","-",AA28*$G28) -> - | AC28: =IF(AC$7="","",IF(INDEX('Rooms Walls and Glass'!$D$23:$AB$30, MATCH($D28,'Rooms Walls and Glass'!$A$23:$A$30,0), MATCH('Unit 1 a'!AC$7,'Rooms Walls and Glass'!$D$1:$AB$1,0))=0,"",INDEX('Rooms Walls and Glass'!$D$23:$AB$30, MATCH($D28,'Rooms Walls and Glass'!$A$23:$A$30,0), MATCH('Unit 1 a'!AC$7,'Rooms Walls and Glass'!$D$1:$AB$1,0)))) | AD28: =IF(AC28="","-",AC28*$G28) -> - | AE28: =IF(AE$7="","",IF(INDEX('Rooms Walls and Glass'!$D$23:$AB$30, MATCH($D28,'Rooms Walls and Glass'!$A$23:$A$30,0), MATCH('Unit 1 a'!AE$7,'Rooms Walls and Glass'!$D$1:$AB$1,0))=0,"",INDEX('Rooms Walls and Glass'!$D$23:$AB$30, MATCH($D28,'Rooms Walls and Glass'!$A$23:$A$30,0), MATCH('Unit 1 a'!AE$7,'Rooms Walls and Glass'!$D$1:$AB$1,0)))) | AF28: =IF(AE28="","-",AE28*$G28) -> - | AG28: =IF(AG$7="","",IF(INDEX('Rooms Walls and Glass'!$D$23:$AB$30, MATCH($D28,'Rooms Walls and Glass'!$A$23:$A$30,0), MATCH('Unit 1 a'!AG$7,'Rooms Walls and Glass'!$D$1:$AB$1,0))=0,"",INDEX('Rooms Walls and Glass'!$D$23:$AB$30, MATCH($D28,'Rooms Walls and Glass'!$A$23:$A$30,0), MATCH('Unit 1 a'!AG$7,'Rooms Walls and Glass'!$D$1:$AB$1,0)))) | AH28: =IF(AG28="","-",AG28*$G28) -> - | AI28: =IF(AI$7="","",IF(INDEX('Rooms Walls and Glass'!$D$23:$AB$30, MATCH($D28,'Rooms Walls and Glass'!$A$23:$A$30,0), MATCH('Unit 1 a'!AI$7,'Rooms Walls and Glass'!$D$1:$AB$1,0))=0,"",INDEX('Rooms Walls and Glass'!$D$23:$AB$30, MATCH($D28,'Rooms Walls and Glass'!$A$23:$A$30,0), MATCH('Unit 1 a'!AI$7,'Rooms Walls and Glass'!$D$1:$AB$1,0)))) | AJ28: =IF(AI28="","-",AI28*$G28) -> - | AK28: =IF(AK$7="","",IF(INDEX('Rooms Walls and Glass'!$D$23:$AB$30, MATCH($D28,'Rooms Walls and Glass'!$A$23:$A$30,0), MATCH('Unit 1 a'!AK$7,'Rooms Walls and Glass'!$D$1:$AB$1,0))=0,"",INDEX('Rooms Walls and Glass'!$D$23:$AB$30, MATCH($D28,'Rooms Walls and Glass'!$A$23:$A$30,0), MATCH('Unit 1 a'!AK$7,'Rooms Walls and Glass'!$D$1:$AB$1,0)))) | AL28: =IF(AK28="","-",AK28*$G28) -> - | AM28: =IF(AM$7="","",IF(INDEX('Rooms Walls and Glass'!$D$23:$AB$30, MATCH($D28,'Rooms Walls and Glass'!$A$23:$A$30,0), MATCH('Unit 1 a'!AM$7,'Rooms Walls and Glass'!$D$1:$AB$1,0))=0,"",INDEX('Rooms Walls and Glass'!$D$23:$AB$30, MATCH($D28,'Rooms Walls and Glass'!$A$23:$A$30,0), MATCH('Unit 1 a'!AM$7,'Rooms Walls and Glass'!$D$1:$AB$1,0)))) | AN28: =IF(AM28="","-",AM28*$G28) -> - | AO28: =IF(AO$7="","",IF(INDEX('Rooms Walls and Glass'!$D$23:$AB$30, MATCH($D28,'Rooms Walls and Glass'!$A$23:$A$30,0), MATCH('Unit 1 a'!AO$7,'Rooms Walls and Glass'!$D$1:$AB$1,0))=0,"",INDEX('Rooms Walls and Glass'!$D$23:$AB$30, MATCH($D28,'Rooms Walls and Glass'!$A$23:$A$30,0), MATCH('Unit 1 a'!AO$7,'Rooms Walls and Glass'!$D$1:$AB$1,0)))) | AP28: =IF(AO28="","-",AO28*$G28) -> -
B29: Basement Walls | C29: W1 | D29: ='Rooms Walls and Glass'!A35 -> NorthWest | E29: =INDEX('Glass CLF Calculation'!$A$20:$G$27,MATCH('Unit 1 a'!D29,'Glass CLF Calculation'!$A$20:$A$27,0),7) -> 19 | F29: =INDEX(Summary!$F$19:$F$30,MATCH('Unit 1 a'!C29,Summary!$D$19:$D$30,0)) -> 0.077 | G29: =F29*E29 -> 1.463 | H29: Btu/hr-sf | I29: =SUM(K29,M29,O29,Q29,U29,W29,Y29,AA29,AC29,AE29,AG29,AI29,S29,AK29,AM29,AO29) -> 0 | J29: =IF(I29="","-",I29*$G29) -> 0 | K29: =IF(K$7="","",IF(INDEX('Rooms Walls and Glass'!$D$35:$AB$42, MATCH($D29,'Rooms Walls and Glass'!$A$35:$A$42,0), MATCH('Unit 1 a'!K$7,'Rooms Walls and Glass'!$D$1:$AB$1,0))=0,"",INDEX('Rooms Walls and Glass'!$D$35:$AB$42, MATCH($D29,'Rooms Walls and Glass'!$A$35:$A$42,0), MATCH('Unit 1 a'!K$7,'Rooms Walls and Glass'!$D$1:$AB$1,0)))) | L29: =IF(K29="","-",K29*$G29) -> - | M29: =IF(M$7="","",IF(INDEX('Rooms Walls and Glass'!$D$35:$AB$42, MATCH($D29,'Rooms Walls and Glass'!$A$35:$A$42,0), MATCH('Unit 1 a'!M$7,'Rooms Walls and Glass'!$D$1:$AB$1,0))=0,"",INDEX('Rooms Walls and Glass'!$D$35:$AB$42, MATCH($D29,'Rooms Walls and Glass'!$A$35:$A$42,0), MATCH('Unit 1 a'!M$7,'Rooms Walls and Glass'!$D$1:$AB$1,0)))) | N29: =IF(M29="","-",M29*$G29) -> - | O29: =IF(O$7="","",IF(INDEX('Rooms Walls and Glass'!$D$35:$AB$42, MATCH($D29,'Rooms Walls and Glass'!$A$35:$A$42,0), MATCH('Unit 1 a'!O$7,'Rooms Walls and Glass'!$D$1:$AB$1,0))=0,"",INDEX('Rooms Walls and Glass'!$D$35:$AB$42, MATCH($D29,'Rooms Walls and Glass'!$A$35:$A$42,0), MATCH('Unit 1 a'!O$7,'Rooms Walls and Glass'!$D$1:$AB$1,0)))) | P29: =IF(O29="","-",O29*$G29) -> - | Q29: =IF(Q$7="","",IF(INDEX('Rooms Walls and Glass'!$D$35:$AB$42, MATCH($D29,'Rooms Walls and Glass'!$A$35:$A$42,0), MATCH('Unit 1 a'!Q$7,'Rooms Walls and Glass'!$D$1:$AB$1,0))=0,"",INDEX('Rooms Walls and Glass'!$D$35:$AB$42, MATCH($D29,'Rooms Walls and Glass'!$A$35:$A$42,0), MATCH('Unit 1 a'!Q$7,'Rooms Walls and Glass'!$D$1:$AB$1,0)))) | R29: =IF(Q29="","-",Q29*$G29) -> - | S29: =IF(S$7="","",IF(INDEX('Rooms Walls and Glass'!$D$35:$AB$42, MATCH($D29,'Rooms Walls and Glass'!$A$35:$A$42,0), MATCH('Unit 1 a'!S$7,'Rooms Walls and Glass'!$D$1:$AB$1,0))=0,"",INDEX('Rooms Walls and Glass'!$D$35:$AB$42, MATCH($D29,'Rooms Walls and Glass'!$A$35:$A$42,0), MATCH('Unit 1 a'!S$7,'Rooms Walls and Glass'!$D$1:$AB$1,0)))) | T29: =IF(S29="","-",S29*$G29) -> - | U29: =IF(U$7="","",IF(INDEX('Rooms Walls and Glass'!$D$35:$AB$42, MATCH($D29,'Rooms Walls and Glass'!$A$35:$A$42,0), MATCH('Unit 1 a'!U$7,'Rooms Walls and Glass'!$D$1:$AB$1,0))=0,"",INDEX('Rooms Walls and Glass'!$D$35:$AB$42, MATCH($D29,'Rooms Walls and Glass'!$A$35:$A$42,0), MATCH('Unit 1 a'!U$7,'Rooms Walls and Glass'!$D$1:$AB$1,0)))) | V29: =IF(U29="","-",U29*$G29) -> - | W29: =IF(W$7="","",IF(INDEX('Rooms Walls and Glass'!$D$35:$AB$42, MATCH($D29,'Rooms Walls and Glass'!$A$35:$A$42,0), MATCH('Unit 1 a'!W$7,'Rooms Walls and Glass'!$D$1:$AB$1,0))=0,"",INDEX('Rooms Walls and Glass'!$D$35:$AB$42, MATCH($D29,'Rooms Walls and Glass'!$A$35:$A$42,0), MATCH('Unit 1 a'!W$7,'Rooms Walls and Glass'!$D$1:$AB$1,0)))) | X29: =IF(W29="","-",W29*$G29) -> - | Y29: =IF(Y$7="","",IF(INDEX('Rooms Walls and Glass'!$D$35:$AB$42, MATCH($D29,'Rooms Walls and Glass'!$A$35:$A$42,0), MATCH('Unit 1 a'!Y$7,'Rooms Walls and Glass'!$D$1:$AB$1,0))=0,"",INDEX('Rooms Walls and Glass'!$D$35:$AB$42, MATCH($D29,'Rooms Walls and Glass'!$A$35:$A$42,0), MATCH('Unit 1 a'!Y$7,'Rooms Walls and Glass'!$D$1:$AB$1,0)))) | Z29: =IF(Y29="","-",Y29*$G29) -> - | AA29: =IF(AA$7="","",IF(INDEX('Rooms Walls and Glass'!$D$35:$AB$42, MATCH($D29,'Rooms Walls and Glass'!$A$35:$A$42,0), MATCH('Unit 1 a'!AA$7,'Rooms Walls and Glass'!$D$1:$AB$1,0))=0,"",INDEX('Rooms Walls and Glass'!$D$35:$AB$42, MATCH($D29,'Rooms Walls and Glass'!$A$35:$A$42,0), MATCH('Unit 1 a'!AA$7,'Rooms Walls and Glass'!$D$1:$AB$1,0)))) | AB29: =IF(AA29="","-",AA29*$G29) -> - | AC29: =IF(AC$7="","",IF(INDEX('Rooms Walls and Glass'!$D$35:$AB$42, MATCH($D29,'Rooms Walls and Glass'!$A$35:$A$42,0), MATCH('Unit 1 a'!AC$7,'Rooms Walls and Glass'!$D$1:$AB$1,0))=0,"",INDEX('Rooms Walls and Glass'!$D$35:$AB$42, MATCH($D29,'Rooms Walls and Glass'!$A$35:$A$42,0), MATCH('Unit 1 a'!AC$7,'Rooms Walls and Glass'!$D$1:$AB$1,0)))) | AD29: =IF(AC29="","-",AC29*$G29) -> - | AE29: =IF(AE$7="","",IF(INDEX('Rooms Walls and Glass'!$D$35:$AB$42, MATCH($D29,'Rooms Walls and Glass'!$A$35:$A$42,0), MATCH('Unit 1 a'!AE$7,'Rooms Walls and Glass'!$D$1:$AB$1,0))=0,"",INDEX('Rooms Walls and Glass'!$D$35:$AB$42, MATCH($D29,'Rooms Walls and Glass'!$A$35:$A$42,0), MATCH('Unit 1 a'!AE$7,'Rooms Walls and Glass'!$D$1:$AB$1,0)))) | AF29: =IF(AE29="","-",AE29*$G29) -> - | AG29: =IF(AG$7="","",IF(INDEX('Rooms Walls and Glass'!$D$35:$AB$42, MATCH($D29,'Rooms Walls and Glass'!$A$35:$A$42,0), MATCH('Unit 1 a'!AG$7,'Rooms Walls and Glass'!$D$1:$AB$1,0))=0,"",INDEX('Rooms Walls and Glass'!$D$35:$AB$42, MATCH($D29,'Rooms Walls and Glass'!$A$35:$A$42,0), MATCH('Unit 1 a'!AG$7,'Rooms Walls and Glass'!$D$1:$AB$1,0)))) | AH29: =IF(AG29="","-",AG29*$G29) -> - | AI29: =IF(AI$7="","",IF(INDEX('Rooms Walls and Glass'!$D$35:$AB$42, MATCH($D29,'Rooms Walls and Glass'!$A$35:$A$42,0), MATCH('Unit 1 a'!AI$7,'Rooms Walls and Glass'!$D$1:$AB$1,0))=0,"",INDEX('Rooms Walls and Glass'!$D$35:$AB$42, MATCH($D29,'Rooms Walls and Glass'!$A$35:$A$42,0), MATCH('Unit 1 a'!AI$7,'Rooms Walls and Glass'!$D$1:$AB$1,0)))) | AJ29: =IF(AI29="","-",AI29*$G29) -> - | AK29: =IF(AK$7="","",IF(INDEX('Rooms Walls and Glass'!$D$35:$AB$42, MATCH($D29,'Rooms Walls and Glass'!$A$35:$A$42,0), MATCH('Unit 1 a'!AK$7,'Rooms Walls and Glass'!$D$1:$AB$1,0))=0,"",INDEX('Rooms Walls and Glass'!$D$35:$AB$42, MATCH($D29,'Rooms Walls and Glass'!$A$35:$A$42,0), MATCH('Unit 1 a'!AK$7,'Rooms Walls and Glass'!$D$1:$AB$1,0)))) | AL29: =IF(AK29="","-",AK29*$G29) -> - | AM29: =IF(AM$7="","",IF(INDEX('Rooms Walls and Glass'!$D$35:$AB$42, MATCH($D29,'Rooms Walls and Glass'!$A$35:$A$42,0), MATCH('Unit 1 a'!AM$7,'Rooms Walls and Glass'!$D$1:$AB$1,0))=0,"",INDEX('Rooms Walls and Glass'!$D$35:$AB$42, MATCH($D29,'Rooms Walls and Glass'!$A$35:$A$42,0), MATCH('Unit 1 a'!AM$7,'Rooms Walls and Glass'!$D$1:$AB$1,0)))) | AN29: =IF(AM29="","-",AM29*$G29) -> - | AO29: =IF(AO$7="","",IF(INDEX('Rooms Walls and Glass'!$D$35:$AB$42, MATCH($D29,'Rooms Walls and Glass'!$A$35:$A$42,0), MATCH('Unit 1 a'!AO$7,'Rooms Walls and Glass'!$D$1:$AB$1,0))=0,"",INDEX('Rooms Walls and Glass'!$D$35:$AB$42, MATCH($D29,'Rooms Walls and Glass'!$A$35:$A$42,0), MATCH('Unit 1 a'!AO$7,'Rooms Walls and Glass'!$D$1:$AB$1,0)))) | AP29: =IF(AO29="","-",AO29*$G29) -> -
C30: W1 | D30: ='Rooms Walls and Glass'!A36 -> North | E30: =INDEX('Glass CLF Calculation'!$A$20:$G$27,MATCH('Unit 1 a'!D30,'Glass CLF Calculation'!$A$20:$A$27,0),7) -> 13 | F30: =INDEX(Summary!$F$19:$F$30,MATCH('Unit 1 a'!C30,Summary!$D$19:$D$30,0)) -> 0.077 | G30: =F30*E30 -> 1.001 | H30: Btu/hr-sf | I30: =SUM(K30,M30,O30,Q30,U30,W30,Y30,AA30,AC30,AE30,AG30,AI30,S30,AK30,AM30,AO30) -> 0 | J30: =IF(I30="","-",I30*$G30) -> 0 | K30: =IF(K$7="","",IF(INDEX('Rooms Walls and Glass'!$D$35:$AB$42, MATCH($D30,'Rooms Walls and Glass'!$A$35:$A$42,0), MATCH('Unit 1 a'!K$7,'Rooms Walls and Glass'!$D$1:$AB$1,0))=0,"",INDEX('Rooms Walls and Glass'!$D$35:$AB$42, MATCH($D30,'Rooms Walls and Glass'!$A$35:$A$42,0), MATCH('Unit 1 a'!K$7,'Rooms Walls and Glass'!$D$1:$AB$1,0)))) | L30: =IF(K30="","-",K30*$G30) -> - | M30: =IF(M$7="","",IF(INDEX('Rooms Walls and Glass'!$D$35:$AB$42, MATCH($D30,'Rooms Walls and Glass'!$A$35:$A$42,0), MATCH('Unit 1 a'!M$7,'Rooms Walls and Glass'!$D$1:$AB$1,0))=0,"",INDEX('Rooms Walls and Glass'!$D$35:$AB$42, MATCH($D30,'Rooms Walls and Glass'!$A$35:$A$42,0), MATCH('Unit 1 a'!M$7,'Rooms Walls and Glass'!$D$1:$AB$1,0)))) | N30: =IF(M30="","-",M30*$G30) -> - | O30: =IF(O$7="","",IF(INDEX('Rooms Walls and Glass'!$D$35:$AB$42, MATCH($D30,'Rooms Walls and Glass'!$A$35:$A$42,0), MATCH('Unit 1 a'!O$7,'Rooms Walls and Glass'!$D$1:$AB$1,0))=0,"",INDEX('Rooms Walls and Glass'!$D$35:$AB$42, MATCH($D30,'Rooms Walls and Glass'!$A$35:$A$42,0), MATCH('Unit 1 a'!O$7,'Rooms Walls and Glass'!$D$1:$AB$1,0)))) | P30: =IF(O30="","-",O30*$G30) -> - | Q30: =IF(Q$7="","",IF(INDEX('Rooms Walls and Glass'!$D$35:$AB$42, MATCH($D30,'Rooms Walls and Glass'!$A$35:$A$42,0), MATCH('Unit 1 a'!Q$7,'Rooms Walls and Glass'!$D$1:$AB$1,0))=0,"",INDEX('Rooms Walls and Glass'!$D$35:$AB$42, MATCH($D30,'Rooms Walls and Glass'!$A$35:$A$42,0), MATCH('Unit 1 a'!Q$7,'Rooms Walls and Glass'!$D$1:$AB$1,0)))) | R30: =IF(Q30="","-",Q30*$G30) -> - | S30: =IF(S$7="","",IF(INDEX('Rooms Walls and Glass'!$D$35:$AB$42, MATCH($D30,'Rooms Walls and Glass'!$A$35:$A$42,0), MATCH('Unit 1 a'!S$7,'Rooms Walls and Glass'!$D$1:$AB$1,0))=0,"",INDEX('Rooms Walls and Glass'!$D$35:$AB$42, MATCH($D30,'Rooms Walls and Glass'!$A$35:$A$42,0), MATCH('Unit 1 a'!S$7,'Rooms Walls and Glass'!$D$1:$AB$1,0)))) | T30: =IF(S30="","-",S30*$G30) -> - | U30: =IF(U$7="","",IF(INDEX('Rooms Walls and Glass'!$D$35:$AB$42, MATCH($D30,'Rooms Walls and Glass'!$A$35:$A$42,0), MATCH('Unit 1 a'!U$7,'Rooms Walls and Glass'!$D$1:$AB$1,0))=0,"",INDEX('Rooms Walls and Glass'!$D$35:$AB$42, MATCH($D30,'Rooms Walls and Glass'!$A$35:$A$42,0), MATCH('Unit 1 a'!U$7,'Rooms Walls and Glass'!$D$1:$AB$1,0)))) | V30: =IF(U30="","-",U30*$G30) -> - | W30: =IF(W$7="","",IF(INDEX('Rooms Walls and Glass'!$D$35:$AB$42, MATCH($D30,'Rooms Walls and Glass'!$A$35:$A$42,0), MATCH('Unit 1 a'!W$7,'Rooms Walls and Glass'!$D$1:$AB$1,0))=0,"",INDEX('Rooms Walls and Glass'!$D$35:$AB$42, MATCH($D30,'Rooms Walls and Glass'!$A$35:$A$42,0), MATCH('Unit 1 a'!W$7,'Rooms Walls and Glass'!$D$1:$AB$1,0)))) | X30: =IF(W30="","-",W30*$G30) -> - | Y30: =IF(Y$7="","",IF(INDEX('Rooms Walls and Glass'!$D$35:$AB$42, MATCH($D30,'Rooms Walls and Glass'!$A$35:$A$42,0), MATCH('Unit 1 a'!Y$7,'Rooms Walls and Glass'!$D$1:$AB$1,0))=0,"",INDEX('Rooms Walls and Glass'!$D$35:$AB$42, MATCH($D30,'Rooms Walls and Glass'!$A$35:$A$42,0), MATCH('Unit 1 a'!Y$7,'Rooms Walls and Glass'!$D$1:$AB$1,0)))) | Z30: =IF(Y30="","-",Y30*$G30) -> - | AA30: =IF(AA$7="","",IF(INDEX('Rooms Walls and Glass'!$D$35:$AB$42, MATCH($D30,'Rooms Walls and Glass'!$A$35:$A$42,0), MATCH('Unit 1 a'!AA$7,'Rooms Walls and Glass'!$D$1:$AB$1,0))=0,"",INDEX('Rooms Walls and Glass'!$D$35:$AB$42, MATCH($D30,'Rooms Walls and Glass'!$A$35:$A$42,0), MATCH('Unit 1 a'!AA$7,'Rooms Walls and Glass'!$D$1:$AB$1,0)))) | AB30: =IF(AA30="","-",AA30*$G30) -> - | AC30: =IF(AC$7="","",IF(INDEX('Rooms Walls and Glass'!$D$35:$AB$42, MATCH($D30,'Rooms Walls and Glass'!$A$35:$A$42,0), MATCH('Unit 1 a'!AC$7,'Rooms Walls and Glass'!$D$1:$AB$1,0))=0,"",INDEX('Rooms Walls and Glass'!$D$35:$AB$42, MATCH($D30,'Rooms Walls and Glass'!$A$35:$A$42,0), MATCH('Unit 1 a'!AC$7,'Rooms Walls and Glass'!$D$1:$AB$1,0)))) | AD30: =IF(AC30="","-",AC30*$G30) -> - | AE30: =IF(AE$7="","",IF(INDEX('Rooms Walls and Glass'!$D$35:$AB$42, MATCH($D30,'Rooms Walls and Glass'!$A$35:$A$42,0), MATCH('Unit 1 a'!AE$7,'Rooms Walls and Glass'!$D$1:$AB$1,0))=0,"",INDEX('Rooms Walls and Glass'!$D$35:$AB$42, MATCH($D30,'Rooms Walls and Glass'!$A$35:$A$42,0), MATCH('Unit 1 a'!AE$7,'Rooms Walls and Glass'!$D$1:$AB$1,0)))) | AF30: =IF(AE30="","-",AE30*$G30) -> - | AG30: =IF(AG$7="","",IF(INDEX('Rooms Walls and Glass'!$D$35:$AB$42, MATCH($D30,'Rooms Walls and Glass'!$A$35:$A$42,0), MATCH('Unit 1 a'!AG$7,'Rooms Walls and Glass'!$D$1:$AB$1,0))=0,"",INDEX('Rooms Walls and Glass'!$D$35:$AB$42, MATCH($D30,'Rooms Walls and Glass'!$A$35:$A$42,0), MATCH('Unit 1 a'!AG$7,'Rooms Walls and Glass'!$D$1:$AB$1,0)))) | AH30: =IF(AG30="","-",AG30*$G30) -> - | AI30: =IF(AI$7="","",IF(INDEX('Rooms Walls and Glass'!$D$35:$AB$42, MATCH($D30,'Rooms Walls and Glass'!$A$35:$A$42,0), MATCH('Unit 1 a'!AI$7,'Rooms Walls and Glass'!$D$1:$AB$1,0))=0,"",INDEX('Rooms Walls and Glass'!$D$35:$AB$42, MATCH($D30,'Rooms Walls and Glass'!$A$35:$A$42,0), MATCH('Unit 1 a'!AI$7,'Rooms Walls and Glass'!$D$1:$AB$1,0)))) | AJ30: =IF(AI30="","-",AI30*$G30) -> - | AK30: =IF(AK$7="","",IF(INDEX('Rooms Walls and Glass'!$D$35:$AB$42, MATCH($D30,'Rooms Walls and Glass'!$A$35:$A$42,0), MATCH('Unit 1 a'!AK$7,'Rooms Walls and Glass'!$D$1:$AB$1,0))=0,"",INDEX('Rooms Walls and Glass'!$D$35:$AB$42, MATCH($D30,'Rooms Walls and Glass'!$A$35:$A$42,0), MATCH('Unit 1 a'!AK$7,'Rooms Walls and Glass'!$D$1:$AB$1,0)))) | AL30: =IF(AK30="","-",AK30*$G30) -> - | AM30: =IF(AM$7="","",IF(INDEX('Rooms Walls and Glass'!$D$35:$AB$42, MATCH($D30,'Rooms Walls and Glass'!$A$35:$A$42,0), MATCH('Unit 1 a'!AM$7,'Rooms Walls and Glass'!$D$1:$AB$1,0))=0,"",INDEX('Rooms Walls and Glass'!$D$35:$AB$42, MATCH($D30,'Rooms Walls and Glass'!$A$35:$A$42,0), MATCH('Unit 1 a'!AM$7,'Rooms Walls and Glass'!$D$1:$AB$1,0)))) | AN30: =IF(AM30="","-",AM30*$G30) -> - | AO30: =IF(AO$7="","",IF(INDEX('Rooms Walls and Glass'!$D$35:$AB$42, MATCH($D30,'Rooms Walls and Glass'!$A$35:$A$42,0), MATCH('Unit 1 a'!AO$7,'Rooms Walls and Glass'!$D$1:$AB$1,0))=0,"",INDEX('Rooms Walls and Glass'!$D$35:$AB$42, MATCH($D30,'Rooms Walls and Glass'!$A$35:$A$42,0), MATCH('Unit 1 a'!AO$7,'Rooms Walls and Glass'!$D$1:$AB$1,0)))) | AP30: =IF(AO30="","-",AO30*$G30) -> -
C31: W1 | D31: ='Rooms Walls and Glass'!A37 -> NorthEast | E31: =INDEX('Glass CLF Calculation'!$A$20:$G$27,MATCH('Unit 1 a'!D31,'Glass CLF Calculation'!$A$20:$A$27,0),7) -> 19 | F31: =INDEX(Summary!$F$19:$F$30,MATCH('Unit 1 a'!C31,Summary!$D$19:$D$30,0)) -> 0.077 | G31: =F31*E31 -> 1.463 | H31: Btu/hr-sf | I31: =SUM(K31,M31,O31,Q31,U31,W31,Y31,AA31,AC31,AE31,AG31,AI31,S31,AK31,AM31,AO31) -> 0 | J31: =IF(I31="","-",I31*$G31) -> 0 | K31: =IF(K$7="","",IF(INDEX('Rooms Walls and Glass'!$D$35:$AB$42, MATCH($D31,'Rooms Walls and Glass'!$A$35:$A$42,0), MATCH('Unit 1 a'!K$7,'Rooms Walls and Glass'!$D$1:$AB$1,0))=0,"",INDEX('Rooms Walls and Glass'!$D$35:$AB$42, MATCH($D31,'Rooms Walls and Glass'!$A$35:$A$42,0), MATCH('Unit 1 a'!K$7,'Rooms Walls and Glass'!$D$1:$AB$1,0)))) | L31: =IF(K31="","-",K31*$G31) -> - | M31: =IF(M$7="","",IF(INDEX('Rooms Walls and Glass'!$D$35:$AB$42, MATCH($D31,'Rooms Walls and Glass'!$A$35:$A$42,0), MATCH('Unit 1 a'!M$7,'Rooms Walls and Glass'!$D$1:$AB$1,0))=0,"",INDEX('Rooms Walls and Glass'!$D$35:$AB$42, MATCH($D31,'Rooms Walls and Glass'!$A$35:$A$42,0), MATCH('Unit 1 a'!M$7,'Rooms Walls and Glass'!$D$1:$AB$1,0)))) | N31: =IF(M31="","-",M31*$G31) -> - | O31: =IF(O$7="","",IF(INDEX('Rooms Walls and Glass'!$D$35:$AB$42, MATCH($D31,'Rooms Walls and Glass'!$A$35:$A$42,0), MATCH('Unit 1 a'!O$7,'Rooms Walls and Glass'!$D$1:$AB$1,0))=0,"",INDEX('Rooms Walls and Glass'!$D$35:$AB$42, MATCH($D31,'Rooms Walls and Glass'!$A$35:$A$42,0), MATCH('Unit 1 a'!O$7,'Rooms Walls and Glass'!$D$1:$AB$1,0)))) | P31: =IF(O31="","-",O31*$G31) -> - | Q31: =IF(Q$7="","",IF(INDEX('Rooms Walls and Glass'!$D$35:$AB$42, MATCH($D31,'Rooms Walls and Glass'!$A$35:$A$42,0), MATCH('Unit 1 a'!Q$7,'Rooms Walls and Glass'!$D$1:$AB$1,0))=0,"",INDEX('Rooms Walls and Glass'!$D$35:$AB$42, MATCH($D31,'Rooms Walls and Glass'!$A$35:$A$42,0), MATCH('Unit 1 a'!Q$7,'Rooms Walls and Glass'!$D$1:$AB$1,0)))) | R31: =IF(Q31="","-",Q31*$G31) -> - | S31: =IF(S$7="","",IF(INDEX('Rooms Walls and Glass'!$D$35:$AB$42, MATCH($D31,'Rooms Walls and Glass'!$A$35:$A$42,0), MATCH('Unit 1 a'!S$7,'Rooms Walls and Glass'!$D$1:$AB$1,0))=0,"",INDEX('Rooms Walls and Glass'!$D$35:$AB$42, MATCH($D31,'Rooms Walls and Glass'!$A$35:$A$42,0), MATCH('Unit 1 a'!S$7,'Rooms Walls and Glass'!$D$1:$AB$1,0)))) | T31: =IF(S31="","-",S31*$G31) -> - | U31: =IF(U$7="","",IF(INDEX('Rooms Walls and Glass'!$D$35:$AB$42, MATCH($D31,'Rooms Walls and Glass'!$A$35:$A$42,0), MATCH('Unit 1 a'!U$7,'Rooms Walls and Glass'!$D$1:$AB$1,0))=0,"",INDEX('Rooms Walls and Glass'!$D$35:$AB$42, MATCH($D31,'Rooms Walls and Glass'!$A$35:$A$42,0), MATCH('Unit 1 a'!U$7,'Rooms Walls and Glass'!$D$1:$AB$1,0)))) | V31: =IF(U31="","-",U31*$G31) -> - | W31: =IF(W$7="","",IF(INDEX('Rooms Walls and Glass'!$D$35:$AB$42, MATCH($D31,'Rooms Walls and Glass'!$A$35:$A$42,0), MATCH('Unit 1 a'!W$7,'Rooms Walls and Glass'!$D$1:$AB$1,0))=0,"",INDEX('Rooms Walls and Glass'!$D$35:$AB$42, MATCH($D31,'Rooms Walls and Glass'!$A$35:$A$42,0), MATCH('Unit 1 a'!W$7,'Rooms Walls and Glass'!$D$1:$AB$1,0)))) | X31: =IF(W31="","-",W31*$G31) -> - | Y31: =IF(Y$7="","",IF(INDEX('Rooms Walls and Glass'!$D$35:$AB$42, MATCH($D31,'Rooms Walls and Glass'!$A$35:$A$42,0), MATCH('Unit 1 a'!Y$7,'Rooms Walls and Glass'!$D$1:$AB$1,0))=0,"",INDEX('Rooms Walls and Glass'!$D$35:$AB$42, MATCH($D31,'Rooms Walls and Glass'!$A$35:$A$42,0), MATCH('Unit 1 a'!Y$7,'Rooms Walls and Glass'!$D$1:$AB$1,0)))) | Z31: =IF(Y31="","-",Y31*$G31) -> - | AA31: =IF(AA$7="","",IF(INDEX('Rooms Walls and Glass'!$D$35:$AB$42, MATCH($D31,'Rooms Walls and Glass'!$A$35:$A$42,0), MATCH('Unit 1 a'!AA$7,'Rooms Walls and Glass'!$D$1:$AB$1,0))=0,"",INDEX('Rooms Walls and Glass'!$D$35:$AB$42, MATCH($D31,'Rooms Walls and Glass'!$A$35:$A$42,0), MATCH('Unit 1 a'!AA$7,'Rooms Walls and Glass'!$D$1:$AB$1,0)))) | AB31: =IF(AA31="","-",AA31*$G31) -> - | AC31: =IF(AC$7="","",IF(INDEX('Rooms Walls and Glass'!$D$35:$AB$42, MATCH($D31,'Rooms Walls and Glass'!$A$35:$A$42,0), MATCH('Unit 1 a'!AC$7,'Rooms Walls and Glass'!$D$1:$AB$1,0))=0,"",INDEX('Rooms Walls and Glass'!$D$35:$AB$42, MATCH($D31,'Rooms Walls and Glass'!$A$35:$A$42,0), MATCH('Unit 1 a'!AC$7,'Rooms Walls and Glass'!$D$1:$AB$1,0)))) | AD31: =IF(AC31="","-",AC31*$G31) -> - | AE31: =IF(AE$7="","",IF(INDEX('Rooms Walls and Glass'!$D$35:$AB$42, MATCH($D31,'Rooms Walls and Glass'!$A$35:$A$42,0), MATCH('Unit 1 a'!AE$7,'Rooms Walls and Glass'!$D$1:$AB$1,0))=0,"",INDEX('Rooms Walls and Glass'!$D$35:$AB$42, MATCH($D31,'Rooms Walls and Glass'!$A$35:$A$42,0), MATCH('Unit 1 a'!AE$7,'Rooms Walls and Glass'!$D$1:$AB$1,0)))) | AF31: =IF(AE31="","-",AE31*$G31) -> - | AG31: =IF(AG$7="","",IF(INDEX('Rooms Walls and Glass'!$D$35:$AB$42, MATCH($D31,'Rooms Walls and Glass'!$A$35:$A$42,0), MATCH('Unit 1 a'!AG$7,'Rooms Walls and Glass'!$D$1:$AB$1,0))=0,"",INDEX('Rooms Walls and Glass'!$D$35:$AB$42, MATCH($D31,'Rooms Walls and Glass'!$A$35:$A$42,0), MATCH('Unit 1 a'!AG$7,'Rooms Walls and Glass'!$D$1:$AB$1,0)))) | AH31: =IF(AG31="","-",AG31*$G31) -> - | AI31: =IF(AI$7="","",IF(INDEX('Rooms Walls and Glass'!$D$35:$AB$42, MATCH($D31,'Rooms Walls and Glass'!$A$35:$A$42,0), MATCH('Unit 1 a'!AI$7,'Rooms Walls and Glass'!$D$1:$AB$1,0))=0,"",INDEX('Rooms Walls and Glass'!$D$35:$AB$42, MATCH($D31,'Rooms Walls and Glass'!$A$35:$A$42,0), MATCH('Unit 1 a'!AI$7,'Rooms Walls and Glass'!$D$1:$AB$1,0)))) | AJ31: =IF(AI31="","-",AI31*$G31) -> - | AK31: =IF(AK$7="","",IF(INDEX('Rooms Walls and Glass'!$D$35:$AB$42, MATCH($D31,'Rooms Walls and Glass'!$A$35:$A$42,0), MATCH('Unit 1 a'!AK$7,'Rooms Walls and Glass'!$D$1:$AB$1,0))=0,"",INDEX('Rooms Walls and Glass'!$D$35:$AB$42, MATCH($D31,'Rooms Walls and Glass'!$A$35:$A$42,0), MATCH('Unit 1 a'!AK$7,'Rooms Walls and Glass'!$D$1:$AB$1,0)))) | AL31: =IF(AK31="","-",AK31*$G31) -> - | AM31: =IF(AM$7="","",IF(INDEX('Rooms Walls and Glass'!$D$35:$AB$42, MATCH($D31,'Rooms Walls and Glass'!$A$35:$A$42,0), MATCH('Unit 1 a'!AM$7,'Rooms Walls and Glass'!$D$1:$AB$1,0))=0,"",INDEX('Rooms Walls and Glass'!$D$35:$AB$42, MATCH($D31,'Rooms Walls and Glass'!$A$35:$A$42,0), MATCH('Unit 1 a'!AM$7,'Rooms Walls and Glass'!$D$1:$AB$1,0)))) | AN31: =IF(AM31="","-",AM31*$G31) -> - | AO31: =IF(AO$7="","",IF(INDEX('Rooms Walls and Glass'!$D$35:$AB$42, MATCH($D31,'Rooms Walls and Glass'!$A$35:$A$42,0), MATCH('Unit 1 a'!AO$7,'Rooms Walls and Glass'!$D$1:$AB$1,0))=0,"",INDEX('Rooms Walls and Glass'!$D$35:$AB$42, MATCH($D31,'Rooms Walls and Glass'!$A$35:$A$42,0), MATCH('Unit 1 a'!AO$7,'Rooms Walls and Glass'!$D$1:$AB$1,0)))) | AP31: =IF(AO31="","-",AO31*$G31) -> -
C32: W1 | D32: ='Rooms Walls and Glass'!A38 -> East | E32: =INDEX('Glass CLF Calculation'!$A$20:$G$27,MATCH('Unit 1 a'!D32,'Glass CLF Calculation'!$A$20:$A$27,0),7) -> 23 | F32: =INDEX(Summary!$F$19:$F$30,MATCH('Unit 1 a'!C32,Summary!$D$19:$D$30,0)) -> 0.077 | G32: =F32*E32 -> 1.771 | H32: Btu/hr-sf | I32: =SUM(K32,M32,O32,Q32,U32,W32,Y32,AA32,AC32,AE32,AG32,AI32,S32,AK32,AM32,AO32) -> 0 | J32: =IF(I32="","-",I32*$G32) -> 0 | K32: =IF(K$7="","",IF(INDEX('Rooms Walls and Glass'!$D$35:$AB$42, MATCH($D32,'Rooms Walls and Glass'!$A$35:$A$42,0), MATCH('Unit 1 a'!K$7,'Rooms Walls and Glass'!$D$1:$AB$1,0))=0,"",INDEX('Rooms Walls and Glass'!$D$35:$AB$42, MATCH($D32,'Rooms Walls and Glass'!$A$35:$A$42,0), MATCH('Unit 1 a'!K$7,'Rooms Walls and Glass'!$D$1:$AB$1,0)))) | L32: =IF(K32="","-",K32*$G32) -> - | M32: =IF(M$7="","",IF(INDEX('Rooms Walls and Glass'!$D$35:$AB$42, MATCH($D32,'Rooms Walls and Glass'!$A$35:$A$42,0), MATCH('Unit 1 a'!M$7,'Rooms Walls and Glass'!$D$1:$AB$1,0))=0,"",INDEX('Rooms Walls and Glass'!$D$35:$AB$42, MATCH($D32,'Rooms Walls and Glass'!$A$35:$A$42,0), MATCH('Unit 1 a'!M$7,'Rooms Walls and Glass'!$D$1:$AB$1,0)))) | N32: =IF(M32="","-",M32*$G32) -> - | O32: =IF(O$7="","",IF(INDEX('Rooms Walls and Glass'!$D$35:$AB$42, MATCH($D32,'Rooms Walls and Glass'!$A$35:$A$42,0), MATCH('Unit 1 a'!O$7,'Rooms Walls and Glass'!$D$1:$AB$1,0))=0,"",INDEX('Rooms Walls and Glass'!$D$35:$AB$42, MATCH($D32,'Rooms Walls and Glass'!$A$35:$A$42,0), MATCH('Unit 1 a'!O$7,'Rooms Walls and Glass'!$D$1:$AB$1,0)))) | P32: =IF(O32="","-",O32*$G32) -> - | Q32: =IF(Q$7="","",IF(INDEX('Rooms Walls and Glass'!$D$35:$AB$42, MATCH($D32,'Rooms Walls and Glass'!$A$35:$A$42,0), MATCH('Unit 1 a'!Q$7,'Rooms Walls and Glass'!$D$1:$AB$1,0))=0,"",INDEX('Rooms Walls and Glass'!$D$35:$AB$42, MATCH($D32,'Rooms Walls and Glass'!$A$35:$A$42,0), MATCH('Unit 1 a'!Q$7,'Rooms Walls and Glass'!$D$1:$AB$1,0)))) | R32: =IF(Q32="","-",Q32*$G32) -> - | S32: =IF(S$7="","",IF(INDEX('Rooms Walls and Glass'!$D$35:$AB$42, MATCH($D32,'Rooms Walls and Glass'!$A$35:$A$42,0), MATCH('Unit 1 a'!S$7,'Rooms Walls and Glass'!$D$1:$AB$1,0))=0,"",INDEX('Rooms Walls and Glass'!$D$35:$AB$42, MATCH($D32,'Rooms Walls and Glass'!$A$35:$A$42,0), MATCH('Unit 1 a'!S$7,'Rooms Walls and Glass'!$D$1:$AB$1,0)))) | T32: =IF(S32="","-",S32*$G32) -> - | U32: =IF(U$7="","",IF(INDEX('Rooms Walls and Glass'!$D$35:$AB$42, MATCH($D32,'Rooms Walls and Glass'!$A$35:$A$42,0), MATCH('Unit 1 a'!U$7,'Rooms Walls and Glass'!$D$1:$AB$1,0))=0,"",INDEX('Rooms Walls and Glass'!$D$35:$AB$42, MATCH($D32,'Rooms Walls and Glass'!$A$35:$A$42,0), MATCH('Unit 1 a'!U$7,'Rooms Walls and Glass'!$D$1:$AB$1,0)))) | V32: =IF(U32="","-",U32*$G32) -> - | W32: =IF(W$7="","",IF(INDEX('Rooms Walls and Glass'!$D$35:$AB$42, MATCH($D32,'Rooms Walls and Glass'!$A$35:$A$42,0), MATCH('Unit 1 a'!W$7,'Rooms Walls and Glass'!$D$1:$AB$1,0))=0,"",INDEX('Rooms Walls and Glass'!$D$35:$AB$42, MATCH($D32,'Rooms Walls and Glass'!$A$35:$A$42,0), MATCH('Unit 1 a'!W$7,'Rooms Walls and Glass'!$D$1:$AB$1,0)))) | X32: =IF(W32="","-",W32*$G32) -> - | Y32: =IF(Y$7="","",IF(INDEX('Rooms Walls and Glass'!$D$35:$AB$42, MATCH($D32,'Rooms Walls and Glass'!$A$35:$A$42,0), MATCH('Unit 1 a'!Y$7,'Rooms Walls and Glass'!$D$1:$AB$1,0))=0,"",INDEX('Rooms Walls and Glass'!$D$35:$AB$42, MATCH($D32,'Rooms Walls and Glass'!$A$35:$A$42,0), MATCH('Unit 1 a'!Y$7,'Rooms Walls and Glass'!$D$1:$AB$1,0)))) | Z32: =IF(Y32="","-",Y32*$G32) -> - | AA32: =IF(AA$7="","",IF(INDEX('Rooms Walls and Glass'!$D$35:$AB$42, MATCH($D32,'Rooms Walls and Glass'!$A$35:$A$42,0), MATCH('Unit 1 a'!AA$7,'Rooms Walls and Glass'!$D$1:$AB$1,0))=0,"",INDEX('Rooms Walls and Glass'!$D$35:$AB$42, MATCH($D32,'Rooms Walls and Glass'!$A$35:$A$42,0), MATCH('Unit 1 a'!AA$7,'Rooms Walls and Glass'!$D$1:$AB$1,0)))) | AB32: =IF(AA32="","-",AA32*$G32) -> - | AC32: =IF(AC$7="","",IF(INDEX('Rooms Walls and Glass'!$D$35:$AB$42, MATCH($D32,'Rooms Walls and Glass'!$A$35:$A$42,0), MATCH('Unit 1 a'!AC$7,'Rooms Walls and Glass'!$D$1:$AB$1,0))=0,"",INDEX('Rooms Walls and Glass'!$D$35:$AB$42, MATCH($D32,'Rooms Walls and Glass'!$A$35:$A$42,0), MATCH('Unit 1 a'!AC$7,'Rooms Walls and Glass'!$D$1:$AB$1,0)))) | AD32: =IF(AC32="","-",AC32*$G32) -> - | AE32: =IF(AE$7="","",IF(INDEX('Rooms Walls and Glass'!$D$35:$AB$42, MATCH($D32,'Rooms Walls and Glass'!$A$35:$A$42,0), MATCH('Unit 1 a'!AE$7,'Rooms Walls and Glass'!$D$1:$AB$1,0))=0,"",INDEX('Rooms Walls and Glass'!$D$35:$AB$42, MATCH($D32,'Rooms Walls and Glass'!$A$35:$A$42,0), MATCH('Unit 1 a'!AE$7,'Rooms Walls and Glass'!$D$1:$AB$1,0)))) | AF32: =IF(AE32="","-",AE32*$G32) -> - | AG32: =IF(AG$7="","",IF(INDEX('Rooms Walls and Glass'!$D$35:$AB$42, MATCH($D32,'Rooms Walls and Glass'!$A$35:$A$42,0), MATCH('Unit 1 a'!AG$7,'Rooms Walls and Glass'!$D$1:$AB$1,0))=0,"",INDEX('Rooms Walls and Glass'!$D$35:$AB$42, MATCH($D32,'Rooms Walls and Glass'!$A$35:$A$42,0), MATCH('Unit 1 a'!AG$7,'Rooms Walls and Glass'!$D$1:$AB$1,0)))) | AH32: =IF(AG32="","-",AG32*$G32) -> - | AI32: =IF(AI$7="","",IF(INDEX('Rooms Walls and Glass'!$D$35:$AB$42, MATCH($D32,'Rooms Walls and Glass'!$A$35:$A$42,0), MATCH('Unit 1 a'!AI$7,'Rooms Walls and Glass'!$D$1:$AB$1,0))=0,"",INDEX('Rooms Walls and Glass'!$D$35:$AB$42, MATCH($D32,'Rooms Walls and Glass'!$A$35:$A$42,0), MATCH('Unit 1 a'!AI$7,'Rooms Walls and Glass'!$D$1:$AB$1,0)))) | AJ32: =IF(AI32="","-",AI32*$G32) -> - | AK32: =IF(AK$7="","",IF(INDEX('Rooms Walls and Glass'!$D$35:$AB$42, MATCH($D32,'Rooms Walls and Glass'!$A$35:$A$42,0), MATCH('Unit 1 a'!AK$7,'Rooms Walls and Glass'!$D$1:$AB$1,0))=0,"",INDEX('Rooms Walls and Glass'!$D$35:$AB$42, MATCH($D32,'Rooms Walls and Glass'!$A$35:$A$42,0), MATCH('Unit 1 a'!AK$7,'Rooms Walls and Glass'!$D$1:$AB$1,0)))) | AL32: =IF(AK32="","-",AK32*$G32) -> - | AM32: =IF(AM$7="","",IF(INDEX('Rooms Walls and Glass'!$D$35:$AB$42, MATCH($D32,'Rooms Walls and Glass'!$A$35:$A$42,0), MATCH('Unit 1 a'!AM$7,'Rooms Walls and Glass'!$D$1:$AB$1,0))=0,"",INDEX('Rooms Walls and Glass'!$D$35:$AB$42, MATCH($D32,'Rooms Walls and Glass'!$A$35:$A$42,0), MATCH('Unit 1 a'!AM$7,'Rooms Walls and Glass'!$D$1:$AB$1,0)))) | AN32: =IF(AM32="","-",AM32*$G32) -> - | AO32: =IF(AO$7="","",IF(INDEX('Rooms Walls and Glass'!$D$35:$AB$42, MATCH($D32,'Rooms Walls and Glass'!$A$35:$A$42,0), MATCH('Unit 1 a'!AO$7,'Rooms Walls and Glass'!$D$1:$AB$1,0))=0,"",INDEX('Rooms Walls and Glass'!$D$35:$AB$42, MATCH($D32,'Rooms Walls and Glass'!$A$35:$A$42,0), MATCH('Unit 1 a'!AO$7,'Rooms Walls and Glass'!$D$1:$AB$1,0)))) | AP32: =IF(AO32="","-",AO32*$G32) -> -
C33: W1 | D33: ='Rooms Walls and Glass'!A39 -> SouthEast | E33: =INDEX('Glass CLF Calculation'!$A$20:$G$27,MATCH('Unit 1 a'!D33,'Glass CLF Calculation'!$A$20:$A$27,0),7) -> 21 | F33: =INDEX(Summary!$F$19:$F$30,MATCH('Unit 1 a'!C33,Summary!$D$19:$D$30,0)) -> 0.077 | G33: =F33*E33 -> 1.617 | H33: Btu/hr-sf | I33: =SUM(K33,M33,O33,Q33,U33,W33,Y33,AA33,AC33,AE33,AG33,AI33,S33,AK33,AM33,AO33) -> 0 | J33: =IF(I33="","-",I33*$G33) -> 0 | K33: =IF(K$7="","",IF(INDEX('Rooms Walls and Glass'!$D$35:$AB$42, MATCH($D33,'Rooms Walls and Glass'!$A$35:$A$42,0), MATCH('Unit 1 a'!K$7,'Rooms Walls and Glass'!$D$1:$AB$1,0))=0,"",INDEX('Rooms Walls and Glass'!$D$35:$AB$42, MATCH($D33,'Rooms Walls and Glass'!$A$35:$A$42,0), MATCH('Unit 1 a'!K$7,'Rooms Walls and Glass'!$D$1:$AB$1,0)))) | L33: =IF(K33="","-",K33*$G33) -> - | M33: =IF(M$7="","",IF(INDEX('Rooms Walls and Glass'!$D$35:$AB$42, MATCH($D33,'Rooms Walls and Glass'!$A$35:$A$42,0), MATCH('Unit 1 a'!M$7,'Rooms Walls and Glass'!$D$1:$AB$1,0))=0,"",INDEX('Rooms Walls and Glass'!$D$35:$AB$42, MATCH($D33,'Rooms Walls and Glass'!$A$35:$A$42,0), MATCH('Unit 1 a'!M$7,'Rooms Walls and Glass'!$D$1:$AB$1,0)))) | N33: =IF(M33="","-",M33*$G33) -> - | O33: =IF(O$7="","",IF(INDEX('Rooms Walls and Glass'!$D$35:$AB$42, MATCH($D33,'Rooms Walls and Glass'!$A$35:$A$42,0), MATCH('Unit 1 a'!O$7,'Rooms Walls and Glass'!$D$1:$AB$1,0))=0,"",INDEX('Rooms Walls and Glass'!$D$35:$AB$42, MATCH($D33,'Rooms Walls and Glass'!$A$35:$A$42,0), MATCH('Unit 1 a'!O$7,'Rooms Walls and Glass'!$D$1:$AB$1,0)))) | P33: =IF(O33="","-",O33*$G33) -> - | Q33: =IF(Q$7="","",IF(INDEX('Rooms Walls and Glass'!$D$35:$AB$42, MATCH($D33,'Rooms Walls and Glass'!$A$35:$A$42,0), MATCH('Unit 1 a'!Q$7,'Rooms Walls and Glass'!$D$1:$AB$1,0))=0,"",INDEX('Rooms Walls and Glass'!$D$35:$AB$42, MATCH($D33,'Rooms Walls and Glass'!$A$35:$A$42,0), MATCH('Unit 1 a'!Q$7,'Rooms Walls and Glass'!$D$1:$AB$1,0)))) | R33: =IF(Q33="","-",Q33*$G33) -> - | S33: =IF(S$7="","",IF(INDEX('Rooms Walls and Glass'!$D$35:$AB$42, MATCH($D33,'Rooms Walls and Glass'!$A$35:$A$42,0), MATCH('Unit 1 a'!S$7,'Rooms Walls and Glass'!$D$1:$AB$1,0))=0,"",INDEX('Rooms Walls and Glass'!$D$35:$AB$42, MATCH($D33,'Rooms Walls and Glass'!$A$35:$A$42,0), MATCH('Unit 1 a'!S$7,'Rooms Walls and Glass'!$D$1:$AB$1,0)))) | T33: =IF(S33="","-",S33*$G33) -> - | U33: =IF(U$7="","",IF(INDEX('Rooms Walls and Glass'!$D$35:$AB$42, MATCH($D33,'Rooms Walls and Glass'!$A$35:$A$42,0), MATCH('Unit 1 a'!U$7,'Rooms Walls and Glass'!$D$1:$AB$1,0))=0,"",INDEX('Rooms Walls and Glass'!$D$35:$AB$42, MATCH($D33,'Rooms Walls and Glass'!$A$35:$A$42,0), MATCH('Unit 1 a'!U$7,'Rooms Walls and Glass'!$D$1:$AB$1,0)))) | V33: =IF(U33="","-",U33*$G33) -> - | W33: =IF(W$7="","",IF(INDEX('Rooms Walls and Glass'!$D$35:$AB$42, MATCH($D33,'Rooms Walls and Glass'!$A$35:$A$42,0), MATCH('Unit 1 a'!W$7,'Rooms Walls and Glass'!$D$1:$AB$1,0))=0,"",INDEX('Rooms Walls and Glass'!$D$35:$AB$42, MATCH($D33,'Rooms Walls and Glass'!$A$35:$A$42,0), MATCH('Unit 1 a'!W$7,'Rooms Walls and Glass'!$D$1:$AB$1,0)))) | X33: =IF(W33="","-",W33*$G33) -> - | Y33: =IF(Y$7="","",IF(INDEX('Rooms Walls and Glass'!$D$35:$AB$42, MATCH($D33,'Rooms Walls and Glass'!$A$35:$A$42,0), MATCH('Unit 1 a'!Y$7,'Rooms Walls and Glass'!$D$1:$AB$1,0))=0,"",INDEX('Rooms Walls and Glass'!$D$35:$AB$42, MATCH($D33,'Rooms Walls and Glass'!$A$35:$A$42,0), MATCH('Unit 1 a'!Y$7,'Rooms Walls and Glass'!$D$1:$AB$1,0)))) | Z33: =IF(Y33="","-",Y33*$G33) -> - | AA33: =IF(AA$7="","",IF(INDEX('Rooms Walls and Glass'!$D$35:$AB$42, MATCH($D33,'Rooms Walls and Glass'!$A$35:$A$42,0), MATCH('Unit 1 a'!AA$7,'Rooms Walls and Glass'!$D$1:$AB$1,0))=0,"",INDEX('Rooms Walls and Glass'!$D$35:$AB$42, MATCH($D33,'Rooms Walls and Glass'!$A$35:$A$42,0), MATCH('Unit 1 a'!AA$7,'Rooms Walls and Glass'!$D$1:$AB$1,0)))) | AB33: =IF(AA33="","-",AA33*$G33) -> - | AC33: =IF(AC$7="","",IF(INDEX('Rooms Walls and Glass'!$D$35:$AB$42, MATCH($D33,'Rooms Walls and Glass'!$A$35:$A$42,0), MATCH('Unit 1 a'!AC$7,'Rooms Walls and Glass'!$D$1:$AB$1,0))=0,"",INDEX('Rooms Walls and Glass'!$D$35:$AB$42, MATCH($D33,'Rooms Walls and Glass'!$A$35:$A$42,0), MATCH('Unit 1 a'!AC$7,'Rooms Walls and Glass'!$D$1:$AB$1,0)))) | AD33: =IF(AC33="","-",AC33*$G33) -> - | AE33: =IF(AE$7="","",IF(INDEX('Rooms Walls and Glass'!$D$35:$AB$42, MATCH($D33,'Rooms Walls and Glass'!$A$35:$A$42,0), MATCH('Unit 1 a'!AE$7,'Rooms Walls and Glass'!$D$1:$AB$1,0))=0,"",INDEX('Rooms Walls and Glass'!$D$35:$AB$42, MATCH($D33,'Rooms Walls and Glass'!$A$35:$A$42,0), MATCH('Unit 1 a'!AE$7,'Rooms Walls and Glass'!$D$1:$AB$1,0)))) | AF33: =IF(AE33="","-",AE33*$G33) -> - | AG33: =IF(AG$7="","",IF(INDEX('Rooms Walls and Glass'!$D$35:$AB$42, MATCH($D33,'Rooms Walls and Glass'!$A$35:$A$42,0), MATCH('Unit 1 a'!AG$7,'Rooms Walls and Glass'!$D$1:$AB$1,0))=0,"",INDEX('Rooms Walls and Glass'!$D$35:$AB$42, MATCH($D33,'Rooms Walls and Glass'!$A$35:$A$42,0), MATCH('Unit 1 a'!AG$7,'Rooms Walls and Glass'!$D$1:$AB$1,0)))) | AH33: =IF(AG33="","-",AG33*$G33) -> - | AI33: =IF(AI$7="","",IF(INDEX('Rooms Walls and Glass'!$D$35:$AB$42, MATCH($D33,'Rooms Walls and Glass'!$A$35:$A$42,0), MATCH('Unit 1 a'!AI$7,'Rooms Walls and Glass'!$D$1:$AB$1,0))=0,"",INDEX('Rooms Walls and Glass'!$D$35:$AB$42, MATCH($D33,'Rooms Walls and Glass'!$A$35:$A$42,0), MATCH('Unit 1 a'!AI$7,'Rooms Walls and Glass'!$D$1:$AB$1,0)))) | AJ33: =IF(AI33="","-",AI33*$G33) -> - | AK33: =IF(AK$7="","",IF(INDEX('Rooms Walls and Glass'!$D$35:$AB$42, MATCH($D33,'Rooms Walls and Glass'!$A$35:$A$42,0), MATCH('Unit 1 a'!AK$7,'Rooms Walls and Glass'!$D$1:$AB$1,0))=0,"",INDEX('Rooms Walls and Glass'!$D$35:$AB$42, MATCH($D33,'Rooms Walls and Glass'!$A$35:$A$42,0), MATCH('Unit 1 a'!AK$7,'Rooms Walls and Glass'!$D$1:$AB$1,0)))) | AL33: =IF(AK33="","-",AK33*$G33) -> - | AM33: =IF(AM$7="","",IF(INDEX('Rooms Walls and Glass'!$D$35:$AB$42, MATCH($D33,'Rooms Walls and Glass'!$A$35:$A$42,0), MATCH('Unit 1 a'!AM$7,'Rooms Walls and Glass'!$D$1:$AB$1,0))=0,"",INDEX('Rooms Walls and Glass'!$D$35:$AB$42, MATCH($D33,'Rooms Walls and Glass'!$A$35:$A$42,0), MATCH('Unit 1 a'!AM$7,'Rooms Walls and Glass'!$D$1:$AB$1,0)))) | AN33: =IF(AM33="","-",AM33*$G33) -> - | AO33: =IF(AO$7="","",IF(INDEX('Rooms Walls and Glass'!$D$35:$AB$42, MATCH($D33,'Rooms Walls and Glass'!$A$35:$A$42,0), MATCH('Unit 1 a'!AO$7,'Rooms Walls and Glass'!$D$1:$AB$1,0))=0,"",INDEX('Rooms Walls and Glass'!$D$35:$AB$42, MATCH($D33,'Rooms Walls and Glass'!$A$35:$A$42,0), MATCH('Unit 1 a'!AO$7,'Rooms Walls and Glass'!$D$1:$AB$1,0)))) | AP33: =IF(AO33="","-",AO33*$G33) -> -
C34: W1 | D34: ='Rooms Walls and Glass'!A40 -> South | E34: =INDEX('Glass CLF Calculation'!$A$20:$G$27,MATCH('Unit 1 a'!D34,'Glass CLF Calculation'!$A$20:$A$27,0),7) -> 16 | F34: =INDEX(Summary!$F$19:$F$30,MATCH('Unit 1 a'!C34,Summary!$D$19:$D$30,0)) -> 0.077 | G34: =F34*E34 -> 1.232 | H34: Btu/hr-sf | I34: =SUM(K34,M34,O34,Q34,U34,W34,Y34,AA34,AC34,AE34,AG34,AI34,S34,AK34,AM34,AO34) -> 0 | J34: =IF(I34="","-",I34*$G34) -> 0 | K34: =IF(K$7="","",IF(INDEX('Rooms Walls and Glass'!$D$35:$AB$42, MATCH($D34,'Rooms Walls and Glass'!$A$35:$A$42,0), MATCH('Unit 1 a'!K$7,'Rooms Walls and Glass'!$D$1:$AB$1,0))=0,"",INDEX('Rooms Walls and Glass'!$D$35:$AB$42, MATCH($D34,'Rooms Walls and Glass'!$A$35:$A$42,0), MATCH('Unit 1 a'!K$7,'Rooms Walls and Glass'!$D$1:$AB$1,0)))) | L34: =IF(K34="","-",K34*$G34) -> - | M34: =IF(M$7="","",IF(INDEX('Rooms Walls and Glass'!$D$35:$AB$42, MATCH($D34,'Rooms Walls and Glass'!$A$35:$A$42,0), MATCH('Unit 1 a'!M$7,'Rooms Walls and Glass'!$D$1:$AB$1,0))=0,"",INDEX('Rooms Walls and Glass'!$D$35:$AB$42, MATCH($D34,'Rooms Walls and Glass'!$A$35:$A$42,0), MATCH('Unit 1 a'!M$7,'Rooms Walls and Glass'!$D$1:$AB$1,0)))) | N34: =IF(M34="","-",M34*$G34) -> - | O34: =IF(O$7="","",IF(INDEX('Rooms Walls and Glass'!$D$35:$AB$42, MATCH($D34,'Rooms Walls and Glass'!$A$35:$A$42,0), MATCH('Unit 1 a'!O$7,'Rooms Walls and Glass'!$D$1:$AB$1,0))=0,"",INDEX('Rooms Walls and Glass'!$D$35:$AB$42, MATCH($D34,'Rooms Walls and Glass'!$A$35:$A$42,0), MATCH('Unit 1 a'!O$7,'Rooms Walls and Glass'!$D$1:$AB$1,0)))) | P34: =IF(O34="","-",O34*$G34) -> - | Q34: =IF(Q$7="","",IF(INDEX('Rooms Walls and Glass'!$D$35:$AB$42, MATCH($D34,'Rooms Walls and Glass'!$A$35:$A$42,0), MATCH('Unit 1 a'!Q$7,'Rooms Walls and Glass'!$D$1:$AB$1,0))=0,"",INDEX('Rooms Walls and Glass'!$D$35:$AB$42, MATCH($D34,'Rooms Walls and Glass'!$A$35:$A$42,0), MATCH('Unit 1 a'!Q$7,'Rooms Walls and Glass'!$D$1:$AB$1,0)))) | R34: =IF(Q34="","-",Q34*$G34) -> - | S34: =IF(S$7="","",IF(INDEX('Rooms Walls and Glass'!$D$35:$AB$42, MATCH($D34,'Rooms Walls and Glass'!$A$35:$A$42,0), MATCH('Unit 1 a'!S$7,'Rooms Walls and Glass'!$D$1:$AB$1,0))=0,"",INDEX('Rooms Walls and Glass'!$D$35:$AB$42, MATCH($D34,'Rooms Walls and Glass'!$A$35:$A$42,0), MATCH('Unit 1 a'!S$7,'Rooms Walls and Glass'!$D$1:$AB$1,0)))) | T34: =IF(S34="","-",S34*$G34) -> - | U34: =IF(U$7="","",IF(INDEX('Rooms Walls and Glass'!$D$35:$AB$42, MATCH($D34,'Rooms Walls and Glass'!$A$35:$A$42,0), MATCH('Unit 1 a'!U$7,'Rooms Walls and Glass'!$D$1:$AB$1,0))=0,"",INDEX('Rooms Walls and Glass'!$D$35:$AB$42, MATCH($D34,'Rooms Walls and Glass'!$A$35:$A$42,0), MATCH('Unit 1 a'!U$7,'Rooms Walls and Glass'!$D$1:$AB$1,0)))) | V34: =IF(U34="","-",U34*$G34) -> - | W34: =IF(W$7="","",IF(INDEX('Rooms Walls and Glass'!$D$35:$AB$42, MATCH($D34,'Rooms Walls and Glass'!$A$35:$A$42,0), MATCH('Unit 1 a'!W$7,'Rooms Walls and Glass'!$D$1:$AB$1,0))=0,"",INDEX('Rooms Walls and Glass'!$D$35:$AB$42, MATCH($D34,'Rooms Walls and Glass'!$A$35:$A$42,0), MATCH('Unit 1 a'!W$7,'Rooms Walls and Glass'!$D$1:$AB$1,0)))) | X34: =IF(W34="","-",W34*$G34) -> - | Y34: =IF(Y$7="","",IF(INDEX('Rooms Walls and Glass'!$D$35:$AB$42, MATCH($D34,'Rooms Walls and Glass'!$A$35:$A$42,0), MATCH('Unit 1 a'!Y$7,'Rooms Walls and Glass'!$D$1:$AB$1,0))=0,"",INDEX('Rooms Walls and Glass'!$D$35:$AB$42, MATCH($D34,'Rooms Walls and Glass'!$A$35:$A$42,0), MATCH('Unit 1 a'!Y$7,'Rooms Walls and Glass'!$D$1:$AB$1,0)))) | Z34: =IF(Y34="","-",Y34*$G34) -> - | AA34: =IF(AA$7="","",IF(INDEX('Rooms Walls and Glass'!$D$35:$AB$42, MATCH($D34,'Rooms Walls and Glass'!$A$35:$A$42,0), MATCH('Unit 1 a'!AA$7,'Rooms Walls and Glass'!$D$1:$AB$1,0))=0,"",INDEX('Rooms Walls and Glass'!$D$35:$AB$42, MATCH($D34,'Rooms Walls and Glass'!$A$35:$A$42,0), MATCH('Unit 1 a'!AA$7,'Rooms Walls and Glass'!$D$1:$AB$1,0)))) | AB34: =IF(AA34="","-",AA34*$G34) -> - | AC34: =IF(AC$7="","",IF(INDEX('Rooms Walls and Glass'!$D$35:$AB$42, MATCH($D34,'Rooms Walls and Glass'!$A$35:$A$42,0), MATCH('Unit 1 a'!AC$7,'Rooms Walls and Glass'!$D$1:$AB$1,0))=0,"",INDEX('Rooms Walls and Glass'!$D$35:$AB$42, MATCH($D34,'Rooms Walls and Glass'!$A$35:$A$42,0), MATCH('Unit 1 a'!AC$7,'Rooms Walls and Glass'!$D$1:$AB$1,0)))) | AD34: =IF(AC34="","-",AC34*$G34) -> - | AE34: =IF(AE$7="","",IF(INDEX('Rooms Walls and Glass'!$D$35:$AB$42, MATCH($D34,'Rooms Walls and Glass'!$A$35:$A$42,0), MATCH('Unit 1 a'!AE$7,'Rooms Walls and Glass'!$D$1:$AB$1,0))=0,"",INDEX('Rooms Walls and Glass'!$D$35:$AB$42, MATCH($D34,'Rooms Walls and Glass'!$A$35:$A$42,0), MATCH('Unit 1 a'!AE$7,'Rooms Walls and Glass'!$D$1:$AB$1,0)))) | AF34: =IF(AE34="","-",AE34*$G34) -> - | AG34: =IF(AG$7="","",IF(INDEX('Rooms Walls and Glass'!$D$35:$AB$42, MATCH($D34,'Rooms Walls and Glass'!$A$35:$A$42,0), MATCH('Unit 1 a'!AG$7,'Rooms Walls and Glass'!$D$1:$AB$1,0))=0,"",INDEX('Rooms Walls and Glass'!$D$35:$AB$42, MATCH($D34,'Rooms Walls and Glass'!$A$35:$A$42,0), MATCH('Unit 1 a'!AG$7,'Rooms Walls and Glass'!$D$1:$AB$1,0)))) | AH34: =IF(AG34="","-",AG34*$G34) -> - | AI34: =IF(AI$7="","",IF(INDEX('Rooms Walls and Glass'!$D$35:$AB$42, MATCH($D34,'Rooms Walls and Glass'!$A$35:$A$42,0), MATCH('Unit 1 a'!AI$7,'Rooms Walls and Glass'!$D$1:$AB$1,0))=0,"",INDEX('Rooms Walls and Glass'!$D$35:$AB$42, MATCH($D34,'Rooms Walls and Glass'!$A$35:$A$42,0), MATCH('Unit 1 a'!AI$7,'Rooms Walls and Glass'!$D$1:$AB$1,0)))) | AJ34: =IF(AI34="","-",AI34*$G34) -> - | AK34: =IF(AK$7="","",IF(INDEX('Rooms Walls and Glass'!$D$35:$AB$42, MATCH($D34,'Rooms Walls and Glass'!$A$35:$A$42,0), MATCH('Unit 1 a'!AK$7,'Rooms Walls and Glass'!$D$1:$AB$1,0))=0,"",INDEX('Rooms Walls and Glass'!$D$35:$AB$42, MATCH($D34,'Rooms Walls and Glass'!$A$35:$A$42,0), MATCH('Unit 1 a'!AK$7,'Rooms Walls and Glass'!$D$1:$AB$1,0)))) | AL34: =IF(AK34="","-",AK34*$G34) -> - | AM34: =IF(AM$7="","",IF(INDEX('Rooms Walls and Glass'!$D$35:$AB$42, MATCH($D34,'Rooms Walls and Glass'!$A$35:$A$42,0), MATCH('Unit 1 a'!AM$7,'Rooms Walls and Glass'!$D$1:$AB$1,0))=0,"",INDEX('Rooms Walls and Glass'!$D$35:$AB$42, MATCH($D34,'Rooms Walls and Glass'!$A$35:$A$42,0), MATCH('Unit 1 a'!AM$7,'Rooms Walls and Glass'!$D$1:$AB$1,0)))) | AN34: =IF(AM34="","-",AM34*$G34) -> - | AO34: =IF(AO$7="","",IF(INDEX('Rooms Walls and Glass'!$D$35:$AB$42, MATCH($D34,'Rooms Walls and Glass'!$A$35:$A$42,0), MATCH('Unit 1 a'!AO$7,'Rooms Walls and Glass'!$D$1:$AB$1,0))=0,"",INDEX('Rooms Walls and Glass'!$D$35:$AB$42, MATCH($D34,'Rooms Walls and Glass'!$A$35:$A$42,0), MATCH('Unit 1 a'!AO$7,'Rooms Walls and Glass'!$D$1:$AB$1,0)))) | AP34: =IF(AO34="","-",AO34*$G34) -> -
C35: W1 | D35: ='Rooms Walls and Glass'!A41 -> SouthWest | E35: =INDEX('Glass CLF Calculation'!$A$20:$G$27,MATCH('Unit 1 a'!D35,'Glass CLF Calculation'!$A$20:$A$27,0),7) -> 21 | F35: =INDEX(Summary!$F$19:$F$30,MATCH('Unit 1 a'!C35,Summary!$D$19:$D$30,0)) -> 0.077 | G35: =F35*E35 -> 1.617 | H35: Btu/hr-sf | I35: =SUM(K35,M35,O35,Q35,U35,W35,Y35,AA35,AC35,AE35,AG35,AI35,S35,AK35,AM35,AO35) -> 0 | J35: =IF(I35="","-",I35*$G35) -> 0 | K35: =IF(K$7="","",IF(INDEX('Rooms Walls and Glass'!$D$35:$AB$42, MATCH($D35,'Rooms Walls and Glass'!$A$35:$A$42,0), MATCH('Unit 1 a'!K$7,'Rooms Walls and Glass'!$D$1:$AB$1,0))=0,"",INDEX('Rooms Walls and Glass'!$D$35:$AB$42, MATCH($D35,'Rooms Walls and Glass'!$A$35:$A$42,0), MATCH('Unit 1 a'!K$7,'Rooms Walls and Glass'!$D$1:$AB$1,0)))) | L35: =IF(K35="","-",K35*$G35) -> - | M35: =IF(M$7="","",IF(INDEX('Rooms Walls and Glass'!$D$35:$AB$42, MATCH($D35,'Rooms Walls and Glass'!$A$35:$A$42,0), MATCH('Unit 1 a'!M$7,'Rooms Walls and Glass'!$D$1:$AB$1,0))=0,"",INDEX('Rooms Walls and Glass'!$D$35:$AB$42, MATCH($D35,'Rooms Walls and Glass'!$A$35:$A$42,0), MATCH('Unit 1 a'!M$7,'Rooms Walls and Glass'!$D$1:$AB$1,0)))) | N35: =IF(M35="","-",M35*$G35) -> - | O35: =IF(O$7="","",IF(INDEX('Rooms Walls and Glass'!$D$35:$AB$42, MATCH($D35,'Rooms Walls and Glass'!$A$35:$A$42,0), MATCH('Unit 1 a'!O$7,'Rooms Walls and Glass'!$D$1:$AB$1,0))=0,"",INDEX('Rooms Walls and Glass'!$D$35:$AB$42, MATCH($D35,'Rooms Walls and Glass'!$A$35:$A$42,0), MATCH('Unit 1 a'!O$7,'Rooms Walls and Glass'!$D$1:$AB$1,0)))) | P35: =IF(O35="","-",O35*$G35) -> - | Q35: =IF(Q$7="","",IF(INDEX('Rooms Walls and Glass'!$D$35:$AB$42, MATCH($D35,'Rooms Walls and Glass'!$A$35:$A$42,0), MATCH('Unit 1 a'!Q$7,'Rooms Walls and Glass'!$D$1:$AB$1,0))=0,"",INDEX('Rooms Walls and Glass'!$D$35:$AB$42, MATCH($D35,'Rooms Walls and Glass'!$A$35:$A$42,0), MATCH('Unit 1 a'!Q$7,'Rooms Walls and Glass'!$D$1:$AB$1,0)))) | R35: =IF(Q35="","-",Q35*$G35) -> - | S35: =IF(S$7="","",IF(INDEX('Rooms Walls and Glass'!$D$35:$AB$42, MATCH($D35,'Rooms Walls and Glass'!$A$35:$A$42,0), MATCH('Unit 1 a'!S$7,'Rooms Walls and Glass'!$D$1:$AB$1,0))=0,"",INDEX('Rooms Walls and Glass'!$D$35:$AB$42, MATCH($D35,'Rooms Walls and Glass'!$A$35:$A$42,0), MATCH('Unit 1 a'!S$7,'Rooms Walls and Glass'!$D$1:$AB$1,0)))) | T35: =IF(S35="","-",S35*$G35) -> - | U35: =IF(U$7="","",IF(INDEX('Rooms Walls and Glass'!$D$35:$AB$42, MATCH($D35,'Rooms Walls and Glass'!$A$35:$A$42,0), MATCH('Unit 1 a'!U$7,'Rooms Walls and Glass'!$D$1:$AB$1,0))=0,"",INDEX('Rooms Walls and Glass'!$D$35:$AB$42, MATCH($D35,'Rooms Walls and Glass'!$A$35:$A$42,0), MATCH('Unit 1 a'!U$7,'Rooms Walls and Glass'!$D$1:$AB$1,0)))) | V35: =IF(U35="","-",U35*$G35) -> - | W35: =IF(W$7="","",IF(INDEX('Rooms Walls and Glass'!$D$35:$AB$42, MATCH($D35,'Rooms Walls and Glass'!$A$35:$A$42,0), MATCH('Unit 1 a'!W$7,'Rooms Walls and Glass'!$D$1:$AB$1,0))=0,"",INDEX('Rooms Walls and Glass'!$D$35:$AB$42, MATCH($D35,'Rooms Walls and Glass'!$A$35:$A$42,0), MATCH('Unit 1 a'!W$7,'Rooms Walls and Glass'!$D$1:$AB$1,0)))) | X35: =IF(W35="","-",W35*$G35) -> - | Y35: =IF(Y$7="","",IF(INDEX('Rooms Walls and Glass'!$D$35:$AB$42, MATCH($D35,'Rooms Walls and Glass'!$A$35:$A$42,0), MATCH('Unit 1 a'!Y$7,'Rooms Walls and Glass'!$D$1:$AB$1,0))=0,"",INDEX('Rooms Walls and Glass'!$D$35:$AB$42, MATCH($D35,'Rooms Walls and Glass'!$A$35:$A$42,0), MATCH('Unit 1 a'!Y$7,'Rooms Walls and Glass'!$D$1:$AB$1,0)))) | Z35: =IF(Y35="","-",Y35*$G35) -> - | AA35: =IF(AA$7="","",IF(INDEX('Rooms Walls and Glass'!$D$35:$AB$42, MATCH($D35,'Rooms Walls and Glass'!$A$35:$A$42,0), MATCH('Unit 1 a'!AA$7,'Rooms Walls and Glass'!$D$1:$AB$1,0))=0,"",INDEX('Rooms Walls and Glass'!$D$35:$AB$42, MATCH($D35,'Rooms Walls and Glass'!$A$35:$A$42,0), MATCH('Unit 1 a'!AA$7,'Rooms Walls and Glass'!$D$1:$AB$1,0)))) | AB35: =IF(AA35="","-",AA35*$G35) -> - | AC35: =IF(AC$7="","",IF(INDEX('Rooms Walls and Glass'!$D$35:$AB$42, MATCH($D35,'Rooms Walls and Glass'!$A$35:$A$42,0), MATCH('Unit 1 a'!AC$7,'Rooms Walls and Glass'!$D$1:$AB$1,0))=0,"",INDEX('Rooms Walls and Glass'!$D$35:$AB$42, MATCH($D35,'Rooms Walls and Glass'!$A$35:$A$42,0), MATCH('Unit 1 a'!AC$7,'Rooms Walls and Glass'!$D$1:$AB$1,0)))) | AD35: =IF(AC35="","-",AC35*$G35) -> - | AE35: =IF(AE$7="","",IF(INDEX('Rooms Walls and Glass'!$D$35:$AB$42, MATCH($D35,'Rooms Walls and Glass'!$A$35:$A$42,0), MATCH('Unit 1 a'!AE$7,'Rooms Walls and Glass'!$D$1:$AB$1,0))=0,"",INDEX('Rooms Walls and Glass'!$D$35:$AB$42, MATCH($D35,'Rooms Walls and Glass'!$A$35:$A$42,0), MATCH('Unit 1 a'!AE$7,'Rooms Walls and Glass'!$D$1:$AB$1,0)))) | AF35: =IF(AE35="","-",AE35*$G35) -> - | AG35: =IF(AG$7="","",IF(INDEX('Rooms Walls and Glass'!$D$35:$AB$42, MATCH($D35,'Rooms Walls and Glass'!$A$35:$A$42,0), MATCH('Unit 1 a'!AG$7,'Rooms Walls and Glass'!$D$1:$AB$1,0))=0,"",INDEX('Rooms Walls and Glass'!$D$35:$AB$42, MATCH($D35,'Rooms Walls and Glass'!$A$35:$A$42,0), MATCH('Unit 1 a'!AG$7,'Rooms Walls and Glass'!$D$1:$AB$1,0)))) | AH35: =IF(AG35="","-",AG35*$G35) -> - | AI35: =IF(AI$7="","",IF(INDEX('Rooms Walls and Glass'!$D$35:$AB$42, MATCH($D35,'Rooms Walls and Glass'!$A$35:$A$42,0), MATCH('Unit 1 a'!AI$7,'Rooms Walls and Glass'!$D$1:$AB$1,0))=0,"",INDEX('Rooms Walls and Glass'!$D$35:$AB$42, MATCH($D35,'Rooms Walls and Glass'!$A$35:$A$42,0), MATCH('Unit 1 a'!AI$7,'Rooms Walls and Glass'!$D$1:$AB$1,0)))) | AJ35: =IF(AI35="","-",AI35*$G35) -> - | AK35: =IF(AK$7="","",IF(INDEX('Rooms Walls and Glass'!$D$35:$AB$42, MATCH($D35,'Rooms Walls and Glass'!$A$35:$A$42,0), MATCH('Unit 1 a'!AK$7,'Rooms Walls and Glass'!$D$1:$AB$1,0))=0,"",INDEX('Rooms Walls and Glass'!$D$35:$AB$42, MATCH($D35,'Rooms Walls and Glass'!$A$35:$A$42,0), MATCH('Unit 1 a'!AK$7,'Rooms Walls and Glass'!$D$1:$AB$1,0)))) | AL35: =IF(AK35="","-",AK35*$G35) -> - | AM35: =IF(AM$7="","",IF(INDEX('Rooms Walls and Glass'!$D$35:$AB$42, MATCH($D35,'Rooms Walls and Glass'!$A$35:$A$42,0), MATCH('Unit 1 a'!AM$7,'Rooms Walls and Glass'!$D$1:$AB$1,0))=0,"",INDEX('Rooms Walls and Glass'!$D$35:$AB$42, MATCH($D35,'Rooms Walls and Glass'!$A$35:$A$42,0), MATCH('Unit 1 a'!AM$7,'Rooms Walls and Glass'!$D$1:$AB$1,0)))) | AN35: =IF(AM35="","-",AM35*$G35) -> - | AO35: =IF(AO$7="","",IF(INDEX('Rooms Walls and Glass'!$D$35:$AB$42, MATCH($D35,'Rooms Walls and Glass'!$A$35:$A$42,0), MATCH('Unit 1 a'!AO$7,'Rooms Walls and Glass'!$D$1:$AB$1,0))=0,"",INDEX('Rooms Walls and Glass'!$D$35:$AB$42, MATCH($D35,'Rooms Walls and Glass'!$A$35:$A$42,0), MATCH('Unit 1 a'!AO$7,'Rooms Walls and Glass'!$D$1:$AB$1,0)))) | AP35: =IF(AO35="","-",AO35*$G35) -> -
C36: W1 | D36: ='Rooms Walls and Glass'!A42 -> West | E36: =INDEX('Glass CLF Calculation'!$A$20:$G$27,MATCH('Unit 1 a'!D36,'Glass CLF Calculation'!$A$20:$A$27,0),7) -> 23 | F36: =INDEX(Summary!$F$19:$F$30,MATCH('Unit 1 a'!C36,Summary!$D$19:$D$30,0)) -> 0.077 | G36: =F36*E36 -> 1.771 | H36: Btu/hr-sf | I36: =SUM(K36,M36,O36,Q36,U36,W36,Y36,AA36,AC36,AE36,AG36,AI36,S36,AK36,AM36,AO36) -> 0 | J36: =IF(I36="","-",I36*$G36) -> 0 | K36: =IF(K$7="","",IF(INDEX('Rooms Walls and Glass'!$D$35:$AB$42, MATCH($D36,'Rooms Walls and Glass'!$A$35:$A$42,0), MATCH('Unit 1 a'!K$7,'Rooms Walls and Glass'!$D$1:$AB$1,0))=0,"",INDEX('Rooms Walls and Glass'!$D$35:$AB$42, MATCH($D36,'Rooms Walls and Glass'!$A$35:$A$42,0), MATCH('Unit 1 a'!K$7,'Rooms Walls and Glass'!$D$1:$AB$1,0)))) | L36: =IF(K36="","-",K36*$G36) -> - | M36: =IF(M$7="","",IF(INDEX('Rooms Walls and Glass'!$D$35:$AB$42, MATCH($D36,'Rooms Walls and Glass'!$A$35:$A$42,0), MATCH('Unit 1 a'!M$7,'Rooms Walls and Glass'!$D$1:$AB$1,0))=0,"",INDEX('Rooms Walls and Glass'!$D$35:$AB$42, MATCH($D36,'Rooms Walls and Glass'!$A$35:$A$42,0), MATCH('Unit 1 a'!M$7,'Rooms Walls and Glass'!$D$1:$AB$1,0)))) | N36: =IF(M36="","-",M36*$G36) -> - | O36: =IF(O$7="","",IF(INDEX('Rooms Walls and Glass'!$D$35:$AB$42, MATCH($D36,'Rooms Walls and Glass'!$A$35:$A$42,0), MATCH('Unit 1 a'!O$7,'Rooms Walls and Glass'!$D$1:$AB$1,0))=0,"",INDEX('Rooms Walls and Glass'!$D$35:$AB$42, MATCH($D36,'Rooms Walls and Glass'!$A$35:$A$42,0), MATCH('Unit 1 a'!O$7,'Rooms Walls and Glass'!$D$1:$AB$1,0)))) | P36: =IF(O36="","-",O36*$G36) -> - | Q36: =IF(Q$7="","",IF(INDEX('Rooms Walls and Glass'!$D$35:$AB$42, MATCH($D36,'Rooms Walls and Glass'!$A$35:$A$42,0), MATCH('Unit 1 a'!Q$7,'Rooms Walls and Glass'!$D$1:$AB$1,0))=0,"",INDEX('Rooms Walls and Glass'!$D$35:$AB$42, MATCH($D36,'Rooms Walls and Glass'!$A$35:$A$42,0), MATCH('Unit 1 a'!Q$7,'Rooms Walls and Glass'!$D$1:$AB$1,0)))) | R36: =IF(Q36="","-",Q36*$G36) -> - | S36: =IF(S$7="","",IF(INDEX('Rooms Walls and Glass'!$D$35:$AB$42, MATCH($D36,'Rooms Walls and Glass'!$A$35:$A$42,0), MATCH('Unit 1 a'!S$7,'Rooms Walls and Glass'!$D$1:$AB$1,0))=0,"",INDEX('Rooms Walls and Glass'!$D$35:$AB$42, MATCH($D36,'Rooms Walls and Glass'!$A$35:$A$42,0), MATCH('Unit 1 a'!S$7,'Rooms Walls and Glass'!$D$1:$AB$1,0)))) | T36: =IF(S36="","-",S36*$G36) -> - | U36: =IF(U$7="","",IF(INDEX('Rooms Walls and Glass'!$D$35:$AB$42, MATCH($D36,'Rooms Walls and Glass'!$A$35:$A$42,0), MATCH('Unit 1 a'!U$7,'Rooms Walls and Glass'!$D$1:$AB$1,0))=0,"",INDEX('Rooms Walls and Glass'!$D$35:$AB$42, MATCH($D36,'Rooms Walls and Glass'!$A$35:$A$42,0), MATCH('Unit 1 a'!U$7,'Rooms Walls and Glass'!$D$1:$AB$1,0)))) | V36: =IF(U36="","-",U36*$G36) -> - | W36: =IF(W$7="","",IF(INDEX('Rooms Walls and Glass'!$D$35:$AB$42, MATCH($D36,'Rooms Walls and Glass'!$A$35:$A$42,0), MATCH('Unit 1 a'!W$7,'Rooms Walls and Glass'!$D$1:$AB$1,0))=0,"",INDEX('Rooms Walls and Glass'!$D$35:$AB$42, MATCH($D36,'Rooms Walls and Glass'!$A$35:$A$42,0), MATCH('Unit 1 a'!W$7,'Rooms Walls and Glass'!$D$1:$AB$1,0)))) | X36: =IF(W36="","-",W36*$G36) -> - | Y36: =IF(Y$7="","",IF(INDEX('Rooms Walls and Glass'!$D$35:$AB$42, MATCH($D36,'Rooms Walls and Glass'!$A$35:$A$42,0), MATCH('Unit 1 a'!Y$7,'Rooms Walls and Glass'!$D$1:$AB$1,0))=0,"",INDEX('Rooms Walls and Glass'!$D$35:$AB$42, MATCH($D36,'Rooms Walls and Glass'!$A$35:$A$42,0), MATCH('Unit 1 a'!Y$7,'Rooms Walls and Glass'!$D$1:$AB$1,0)))) | Z36: =IF(Y36="","-",Y36*$G36) -> - | AA36: =IF(AA$7="","",IF(INDEX('Rooms Walls and Glass'!$D$35:$AB$42, MATCH($D36,'Rooms Walls and Glass'!$A$35:$A$42,0), MATCH('Unit 1 a'!AA$7,'Rooms Walls and Glass'!$D$1:$AB$1,0))=0,"",INDEX('Rooms Walls and Glass'!$D$35:$AB$42, MATCH($D36,'Rooms Walls and Glass'!$A$35:$A$42,0), MATCH('Unit 1 a'!AA$7,'Rooms Walls and Glass'!$D$1:$AB$1,0)))) | AB36: =IF(AA36="","-",AA36*$G36) -> - | AC36: =IF(AC$7="","",IF(INDEX('Rooms Walls and Glass'!$D$35:$AB$42, MATCH($D36,'Rooms Walls and Glass'!$A$35:$A$42,0), MATCH('Unit 1 a'!AC$7,'Rooms Walls and Glass'!$D$1:$AB$1,0))=0,"",INDEX('Rooms Walls and Glass'!$D$35:$AB$42, MATCH($D36,'Rooms Walls and Glass'!$A$35:$A$42,0), MATCH('Unit 1 a'!AC$7,'Rooms Walls and Glass'!$D$1:$AB$1,0)))) | AD36: =IF(AC36="","-",AC36*$G36) -> - | AE36: =IF(AE$7="","",IF(INDEX('Rooms Walls and Glass'!$D$35:$AB$42, MATCH($D36,'Rooms Walls and Glass'!$A$35:$A$42,0), MATCH('Unit 1 a'!AE$7,'Rooms Walls and Glass'!$D$1:$AB$1,0))=0,"",INDEX('Rooms Walls and Glass'!$D$35:$AB$42, MATCH($D36,'Rooms Walls and Glass'!$A$35:$A$42,0), MATCH('Unit 1 a'!AE$7,'Rooms Walls and Glass'!$D$1:$AB$1,0)))) | AF36: =IF(AE36="","-",AE36*$G36) -> - | AG36: =IF(AG$7="","",IF(INDEX('Rooms Walls and Glass'!$D$35:$AB$42, MATCH($D36,'Rooms Walls and Glass'!$A$35:$A$42,0), MATCH('Unit 1 a'!AG$7,'Rooms Walls and Glass'!$D$1:$AB$1,0))=0,"",INDEX('Rooms Walls and Glass'!$D$35:$AB$42, MATCH($D36,'Rooms Walls and Glass'!$A$35:$A$42,0), MATCH('Unit 1 a'!AG$7,'Rooms Walls and Glass'!$D$1:$AB$1,0)))) | AH36: =IF(AG36="","-",AG36*$G36) -> - | AI36: =IF(AI$7="","",IF(INDEX('Rooms Walls and Glass'!$D$35:$AB$42, MATCH($D36,'Rooms Walls and Glass'!$A$35:$A$42,0), MATCH('Unit 1 a'!AI$7,'Rooms Walls and Glass'!$D$1:$AB$1,0))=0,"",INDEX('Rooms Walls and Glass'!$D$35:$AB$42, MATCH($D36,'Rooms Walls and Glass'!$A$35:$A$42,0), MATCH('Unit 1 a'!AI$7,'Rooms Walls and Glass'!$D$1:$AB$1,0)))) | AJ36: =IF(AI36="","-",AI36*$G36) -> - | AK36: =IF(AK$7="","",IF(INDEX('Rooms Walls and Glass'!$D$35:$AB$42, MATCH($D36,'Rooms Walls and Glass'!$A$35:$A$42,0), MATCH('Unit 1 a'!AK$7,'Rooms Walls and Glass'!$D$1:$AB$1,0))=0,"",INDEX('Rooms Walls and Glass'!$D$35:$AB$42, MATCH($D36,'Rooms Walls and Glass'!$A$35:$A$42,0), MATCH('Unit 1 a'!AK$7,'Rooms Walls and Glass'!$D$1:$AB$1,0)))) | AL36: =IF(AK36="","-",AK36*$G36) -> - | AM36: =IF(AM$7="","",IF(INDEX('Rooms Walls and Glass'!$D$35:$AB$42, MATCH($D36,'Rooms Walls and Glass'!$A$35:$A$42,0), MATCH('Unit 1 a'!AM$7,'Rooms Walls and Glass'!$D$1:$AB$1,0))=0,"",INDEX('Rooms Walls and Glass'!$D$35:$AB$42, MATCH($D36,'Rooms Walls and Glass'!$A$35:$A$42,0), MATCH('Unit 1 a'!AM$7,'Rooms Walls and Glass'!$D$1:$AB$1,0)))) | AN36: =IF(AM36="","-",AM36*$G36) -> - | AO36: =IF(AO$7="","",IF(INDEX('Rooms Walls and Glass'!$D$35:$AB$42, MATCH($D36,'Rooms Walls and Glass'!$A$35:$A$42,0), MATCH('Unit 1 a'!AO$7,'Rooms Walls and Glass'!$D$1:$AB$1,0))=0,"",INDEX('Rooms Walls and Glass'!$D$35:$AB$42, MATCH($D36,'Rooms Walls and Glass'!$A$35:$A$42,0), MATCH('Unit 1 a'!AO$7,'Rooms Walls and Glass'!$D$1:$AB$1,0)))) | AP36: =IF(AO36="","-",AO36*$G36) -> -
